sex,age,year,qx,mx,qx_per_1000
Female,0,2000,0.0032890000000000003,0.003294417669858082,3.289
Female,1,2000,0.000277,0.0002770383698142193,0.277
Female,2,2000,0.000308,0.0003080474393056531,0.308
Female,3,2000,0.000134,0.0001340089786015663,0.134
Female,4,2000,0.00016700000000000002,0.000167013945664463,0.167
Female,5,2000,3.4e-05,3.4000578009826166e-05,0.034
Female,6,2000,0.000134,0.0001340089786015663,0.134
Female,7,2000,0.00016800000000000002,0.0001680141131855076,0.168
Female,8,2000,6.6e-05,6.600217807187637e-05,0.066
Female,9,2000,0.00019700000000000002,0.00019701940641153156,0.197
Female,10,2000,6.7e-05,6.700224457519328e-05,0.067
Female,11,2000,0.00013700000000000002,0.00013700938514288232,0.137
Female,12,2000,0.000213,0.00021302268691615657,0.213
Female,13,2000,0.000185,0.00018501711408305268,0.185
Female,14,2000,3.8e-05,3.8000722013718265e-05,0.038
Female,15,2000,0.000388,0.0003880752866056015,0.388
Female,16,2000,0.000314,0.0003140493057410013,0.314
Female,17,2000,0.000506,0.0005061280503967504,0.506
Female,18,2000,0.000115,0.00011500661288024062,0.115
Female,19,2000,0.00030199999999999997,0.0003020456088869419,0.302
Female,20,2000,0.0005639999999999999,0.0005641590928641876,0.564
Female,21,2000,0.000224,0.00022402509081017073,0.224
Female,22,2000,0.000261,0.00026103406494547537,0.261
Female,23,2000,0.000366,0.00036606699025921747,0.366
Female,24,2000,0.000279,0.00027903892593016724,0.279
Female,25,2000,0.00023,0.00023002645304209983,0.23
Female,26,2000,0.000474,0.0004741123646304174,0.474
Female,27,2000,0.000367,0.0003670673568599838,0.367
Female,28,2000,0.000532,0.0005321415496522075,0.532
Female,29,2000,0.000265,0.00026503511715302274,0.265
Female,30,2000,0.00032,0.00032005120819331097,0.32
Female,31,2000,0.00034300000000000004,0.00034305883459013223,0.343
Female,32,2000,0.000434,0.0004340941984410617,0.434
Female,33,2000,0.000527,0.0005271389011004399,0.527
Female,34,2000,0.0007379999999999999,0.0007382724225239113,0.738
Female,35,2000,0.0005380000000000001,0.0005381447609406931,0.538
Female,36,2000,0.00076,0.0007602889097857187,0.76
Female,37,2000,0.0006540000000000001,0.0006542139279544411,0.654
Female,38,2000,0.000919,0.0009194224746270911,0.919
Female,39,2000,0.00099,0.000990490292694884,0.99
Female,40,2000,0.000799,0.0007993193280715646,0.799
Female,41,2000,0.000988,0.0009884883132267339,0.988
Female,42,2000,0.001439,0.0014400361059782514,1.439
Female,43,2000,0.001178,0.001178694250913788,1.178
Female,44,2000,0.000734,0.0007342694768980216,0.734
Female,45,2000,0.001236,0.0012367643203499762,1.236
Female,46,2000,0.001573,0.0015742381382957695,1.573
Female,47,2000,0.001792,0.001793607071936455,1.792
Female,48,2000,0.001923,0.0019248507439903466,1.923
Female,49,2000,0.002463,0.0024660369244724877,2.463
Female,50,2000,0.0021520000000000003,0.0021543180462177303,2.152
Female,51,2000,0.002129,0.002131268735569013,2.129
Female,52,2000,0.002705,0.002708663467339577,2.705
Female,53,2000,0.003502,0.0035081427579692036,3.502
Female,54,2000,0.0038239999999999997,0.0038313254943451876,3.824
Female,55,2000,0.004205,0.004213859639892875,4.205
Female,56,2000,0.004158,0.004166662491319454,4.158
Female,57,2000,0.004869,0.004880882508466863,4.869
Female,58,2000,0.004825,0.004836668462666183,4.825
Female,59,2000,0.005030000000000001,0.005042682346100443,5.03
Female,60,2000,0.005893,0.005910415037909199,5.893
Female,61,2000,0.006923,0.0069470472038962875,6.923
Female,62,2000,0.007116,0.007141409133697696,7.116
Female,63,2000,0.0068390000000000005,0.006862466203181781,6.839
Female,64,2000,0.008436,0.008471733773054746,8.436
Female,65,2000,0.007691,0.007720689913060674,7.691
Female,66,2000,0.009719,0.00976646011291873,9.719
Female,67,2000,0.009324,0.009367672087270858,9.324
Female,68,2000,0.012856,0.012939173004070163,12.856
Female,69,2000,0.012464000000000001,0.012542162758309787,12.464
Female,70,2000,0.014258,0.014360375114189054,14.258
Female,71,2000,0.018108,0.018273447796348135,18.108
Female,72,2000,0.018778,0.018955977674384797,18.778
Female,73,2000,0.021509,0.02174283330073273,21.509
Female,74,2000,0.022388,0.022641448373088353,22.388
Female,75,2000,0.024943,0.025258005212001475,24.943
Female,76,2000,0.028097999999999998,0.02849837365142892,28.098
Female,77,2000,0.033614,0.034188607933538985,33.614
Female,78,2000,0.037174,0.03787803911299321,37.174
Female,79,2000,0.040250999999999995,0.04107770944136213,40.251
Female,80,2000,0.048462000000000005,0.0496654433580079,48.462
Female,81,2000,0.057648000000000005,0.05935896274207765,57.648
Female,82,2000,0.0608,0.0627062706270627,60.8
Female,83,2000,0.06836199999999999,0.07078137829137757,68.362
Female,84,2000,0.08449899999999999,0.08822652663715654,84.499
Female,85,2000,0.086316,0.09020925084810241,86.316
Female,86,2000,0.10735800000000001,0.11344776244001772,107.358
Female,87,2000,0.120774,0.12853589722577274,120.774
Female,88,2000,0.134136,0.14377896781330257,134.136
Female,89,2000,0.152912,0.16557088779744114,152.912
Female,90,2000,0.160159,0.17410091415508186,160.159
Female,91,2000,0.181953,0.2001631420969865,181.953
Female,92,2000,0.204778,0.22813668727321743,204.778
Female,93,2000,0.19786600000000001,0.2195907740489886,197.866
Female,94,2000,0.246088,0.2806161312540196,246.088
Female,95,2000,0.25005299999999997,0.2857835123006582,250.053
Female,96,2000,0.286825,0.33484611904796646,286.825
Female,97,2000,0.317573,0.37751771696483705,317.573
Female,98,2000,0.337694,0.40629583241593303,337.694
Female,99,2000,0.328853,0.39356561690862624,328.853
Female,100,2000,0.367397,0.4500751254285334,367.397
Female,101,2000,0.461019,0.5991224063195063,461.019
Female,102,2000,0.40436900000000003,0.5068452543225846,404.369
Female,103,2000,0.344767,0.41657820983511085,344.767
Female,104,2000,0.481449,0.6340899976359042,481.449
Female,105,2000,0.234072,0.26509801079092693,234.072
Female,106,2000,1.0,2.0,1000.0
Female,0,2001,0.0034300000000000003,0.0034358925557330827,3.43
Female,1,2001,0.000275,0.00027503781769993375,0.275
Female,2,2001,6.900000000000001e-05,6.90023805821301e-05,0.069
Female,3,2001,0.000171,0.00017101462175015964,0.171
Female,4,2001,0.0001,0.00010000500025001251,0.1
Female,5,2001,0.0001,0.00010000500025001251,0.1
Female,6,2001,0.00016800000000000002,0.0001680141131855076,0.168
Female,7,2001,3.4e-05,3.4000578009826166e-05,0.034
Female,8,2001,0.000134,0.0001340089786015663,0.134
Female,9,2001,3.3e-05,3.30005445089844e-05,0.033
Female,10,2001,3.3e-05,3.30005445089844e-05,0.033
Female,11,2001,0.0001,0.00010000500025001251,0.1
Female,12,2001,3.4e-05,3.4000578009826166e-05,0.034
Female,13,2001,0.000106,0.00010600561829776978,0.106
Female,14,2001,7.4e-05,7.400273810130974e-05,0.074
Female,15,2001,0.000114,0.00011400649837040712,0.114
Female,16,2001,0.000232,0.00023202691512215417,0.232
Female,17,2001,0.00039,0.00039007606483264234,0.39
Female,18,2001,0.000348,0.0003480605625378816,0.348
Female,19,2001,0.00034,0.00034005780982767074,0.34
Female,20,2001,0.000603,0.0006031818593305882,0.603
Female,21,2001,0.00015,0.00015001125084381327,0.15
Female,22,2001,0.000518,0.0005181341967569601,0.518
Female,23,2001,0.000519,0.0005191347154586616,0.519
Female,24,2001,0.00021799999999999999,0.00021802376459034034,0.218
Female,25,2001,0.000345,0.0003450595227676774,0.345
Female,26,2001,0.000358,0.0003580640934727316,0.358
Female,27,2001,0.000251,0.00025103150445380894,0.251
Female,28,2001,0.000426,0.0004260907573313116,0.426
Female,29,2001,0.0005,0.0005001250312578144,0.5
Female,30,2001,0.000264,0.0002640348526005433,0.264
Female,31,2001,0.00040500000000000003,0.000405082029110895,0.405
Female,32,2001,0.0005989999999999999,0.0005991794542465468,0.599
Female,33,2001,0.0005769999999999999,0.0005771665125388674,0.577
Female,34,2001,0.000584,0.0005841705778087201,0.584
Female,35,2001,0.0005600000000000001,0.0005601568439162966,0.56
Female,36,2001,0.000776,0.0007763012048674886,0.776
Female,37,2001,0.000425,0.00042509033169548524,0.425
Female,38,2001,0.0005290000000000001,0.0005291399575187638,0.529
Female,39,2001,0.000887,0.0008873935590434358,0.887
Female,40,2001,0.000862,0.0008623716821950261,0.862
Female,41,2001,0.001118,0.001118625311549156,1.118
Female,42,2001,0.00102,0.0010205204654373731,1.02
Female,43,2001,0.001119,0.0011196264309881378,1.119
Female,44,2001,0.0011459999999999999,0.0011466570344807574,1.146
Female,45,2001,0.001565,0.0015662255715097064,1.565
Female,46,2001,0.001758,0.0017595466414978766,1.758
Female,47,2001,0.0016419999999999998,0.001643349189684731,1.642
Female,48,2001,0.001961,0.0019629246476169887,1.961
Female,49,2001,0.002029,0.0020310605108882964,2.029
Female,50,2001,0.002399,0.0024018810563270643,2.399
Female,51,2001,0.0027370000000000003,0.002740750717356703,2.737
Female,52,2001,0.002643,0.00264649734624306,2.643
Female,53,2001,0.003043,0.00304763697966456,3.043
Female,54,2001,0.003578,0.003584412513987524,3.578
Female,55,2001,0.003575,0.0035814017556382036,3.575
Female,56,2001,0.003796,0.0038032185087295686,3.796
Female,57,2001,0.004216,0.004224906102063149,4.216
Female,58,2001,0.004597,0.004607590546871985,4.597
Female,59,2001,0.005888,0.005905385454778869,5.888
Female,60,2001,0.005804999999999999,0.005821898059116586,5.805
Female,61,2001,0.005834,0.005851067564084433,5.834
Female,62,2001,0.006772,0.006795007896738356,6.772
Female,63,2001,0.0085,0.008536279186542808,8.5
Female,64,2001,0.008728,0.008766255940926202,8.728
Female,65,2001,0.008454000000000001,0.008489886751297736,8.454
Female,66,2001,0.009864000000000001,0.009912890375331135,9.864
Female,67,2001,0.010117000000000001,0.010168437038760572,10.117
Female,68,2001,0.012192,0.012266778280397302,12.192
Female,69,2001,0.012186,0.01226070447235003,12.186
Female,70,2001,0.014406,0.014510519270304,14.406
Female,71,2001,0.015889,0.016016241026837713,15.889
Female,72,2001,0.020170999999999998,0.020376507264011183,20.171
Female,73,2001,0.018875,0.01905482995772604,18.875
Female,74,2001,0.021796,0.022036149962289024,21.796
Female,75,2001,0.02575,0.02608585538812207,25.75
Female,76,2001,0.028134,0.02853540757840543,28.134
Female,77,2001,0.031216999999999998,0.03171197638337998,31.217
Female,78,2001,0.036756,0.037444148562277534,36.756
Female,79,2001,0.044062,0.04505459784512597,44.062
Female,80,2001,0.047034999999999993,0.04816778590502133,47.035
Female,81,2001,0.054748,0.05628885100747872,54.748
Female,82,2001,0.062539,0.06455768658052988,62.539
Female,83,2001,0.069221,0.07170266509010094,69.221
Female,84,2001,0.07879000000000001,0.08202122620640119,78.79
Female,85,2001,0.093317,0.09788412651709802,93.317
Female,86,2001,0.10347400000000001,0.10911951642107728,103.474
Female,87,2001,0.11332500000000001,0.12013197821564395,113.325
Female,88,2001,0.125311,0.13368724092369455,125.311
Female,89,2001,0.14206100000000002,0.15292321222602037,142.061
Female,90,2001,0.159719,0.17358109984290443,159.719
Female,91,2001,0.18907300000000002,0.20881349717575587,189.073
Female,92,2001,0.204671,0.22800389232279988,204.671
Female,93,2001,0.210791,0.23562479285539029,210.791
Female,94,2001,0.246871,0.28163472282986596,246.871
Female,95,2001,0.25267500000000004,0.2892135120827551,252.675
Female,96,2001,0.27074400000000004,0.31313350943989793,270.744
Female,97,2001,0.31788,0.37795163246379565,317.88
Female,98,2001,0.309553,0.3662380423639428,309.553
Female,99,2001,0.36691,0.4493444941797452,366.91
Female,100,2001,0.367705,0.45053743349088243,367.705
Female,101,2001,0.469537,0.6135881756043758,469.537
Female,102,2001,0.417567,0.5277531497384091,417.567
Female,103,2001,0.31792000000000004,0.37800818034814043,317.92
Female,104,2001,0.393469,0.489836797422521,393.469
Female,105,2001,0.48658300000000004,0.6430256829413176,486.583
Female,106,2001,1.0,2.0,1000.0
Female,0,2002,0.00357,0.003576383845163617,3.57
Female,1,2002,0.000526,0.0005261383743924653,0.526
Female,2,2002,0.00023899999999999998,0.00023902856391338765,0.239
Female,3,2002,0.00013700000000000002,0.00013700938514288232,0.137
Female,4,2002,0.00023799999999999998,0.0002380283253707191,0.238
Female,5,2002,0.0001,0.00010000500025001251,0.1
Female,6,2002,0.0001,0.00010000500025001251,0.1
Female,7,2002,0.0001,0.00010000500025001251,0.1
Female,8,2002,0.0001,0.00010000500025001251,0.1
Female,9,2002,0.0001,0.00010000500025001251,0.1
Female,10,2002,3.3e-05,3.30005445089844e-05,0.033
Female,11,2002,0.00019600000000000002,0.0001960192098825685,0.196
Female,12,2002,0.000165,0.0001650136136231239,0.165
Female,13,2002,0.000136,0.00013600924862890675,0.136
Female,14,2002,0.000248,0.0002480307558137209,0.248
Female,15,2002,0.000185,0.00018501711408305268,0.185
Female,16,2002,0.000228,0.00022802599496342583,0.228
Female,17,2002,0.000231,0.00023102668358195372,0.231
Female,18,2002,0.00031,0.00031004805744890457,0.31
Female,19,2002,0.00041999999999999996,0.0004200882185258904,0.42
Female,20,2002,0.000301,0.0003010453073187515,0.301
Female,21,2002,0.00033600000000000004,0.00033605645748485745,0.336
Female,22,2002,0.00040699999999999997,0.0004070828413582164,0.407
Female,23,2002,0.000256,0.00025603277219484095,0.256
Female,24,2002,0.00047599999999999997,0.00047611331496896255,0.476
Female,25,2002,0.000251,0.00025103150445380894,0.251
Female,26,2002,0.000375,0.00037507032568606614,0.375
Female,27,2002,0.00038700000000000003,0.00038707489899295517,0.387
Female,28,2002,0.000249,0.0002490310043600428,0.249
Female,29,2002,0.000484,0.00048411715635183713,0.484
Female,30,2002,0.000381,0.0003810725943292197,0.381
Female,31,2002,0.00035,0.0003500612607206261,0.35
Female,32,2002,0.00049,0.0004901200794194578,0.49
Female,33,2002,0.0005679999999999999,0.0005681613578256224,0.568
Female,34,2002,0.000518,0.0005181341967569601,0.518
Female,35,2002,0.000612,0.0006121873293227728,0.612
Female,36,2002,0.0005,0.0005001250312578144,0.5
Female,37,2002,0.000803,0.0008033225339974,0.803
Female,38,2002,0.000727,0.0007272643605950763,0.727
Female,39,2002,0.000435,0.0004350946330826955,0.435
Female,40,2002,0.000823,0.0008233388039178122,0.823
Female,41,2002,0.001019,0.0010195194451573077,1.019
Female,42,2002,0.000989,0.0009894893024600666,0.989
Female,43,2002,0.000923,0.0009234261611733815,0.923
Female,44,2002,0.001214,0.0012147373455687603,1.214
Female,45,2002,0.0014650000000000002,0.0014660738991311138,1.465
Female,46,2002,0.0012150000000000002,0.0012157385611759144,1.215
Female,47,2002,0.00176,0.0017615501641444471,1.76
Female,48,2002,0.001348,0.0013489091647770598,1.348
Female,49,2002,0.002063,0.002065130181782509,2.063
Female,50,2002,0.0015509999999999999,0.0015522037339957136,1.551
Female,51,2002,0.002996,0.003000494741122201,2.996
Female,52,2002,0.002675,0.002678582604233162,2.675
Female,53,2002,0.003294,0.003299434168074819,3.294
Female,54,2002,0.0036160000000000003,0.0036225495696218767,3.616
Female,55,2002,0.0042320000000000005,0.004240973900774038,4.232
Female,56,2002,0.003955,0.003962836509196937,3.955
Female,57,2002,0.004815000000000001,0.004826620087861527,4.815
Female,58,2002,0.004972000000000001,0.004984391196514536,4.972
Female,59,2002,0.005524,0.005539299545344241,5.524
Female,60,2002,0.005738,0.00575450968829572,5.738
Female,61,2002,0.0070339999999999995,0.007058825890657441,7.034
Female,62,2002,0.006125,0.00614381543476898,6.125
Female,63,2002,0.006571,0.006592660185037942,6.571
Female,64,2002,0.009108,0.009149667586187496,9.108
Female,65,2002,0.008359,0.008394083070191866,8.359
Female,66,2002,0.010503,0.010558447688033708,10.503
Female,67,2002,0.01168,0.011748611893457793,11.68
Female,68,2002,0.01173,0.01179920232161628,11.73
Female,69,2002,0.01124,0.011303525815080753,11.24
Female,70,2002,0.014323,0.014426314048055148,14.323
Female,71,2002,0.01755,0.01770536457413806,17.55
Female,72,2002,0.017428000000000003,0.017581202599451624,17.428
Female,73,2002,0.020512,0.020724550995004767,20.512
Female,74,2002,0.021645,0.021881815953153,21.645
Female,75,2002,0.026591,0.026949304477683036,26.591
Female,76,2002,0.028535,0.028948015815649784,28.535
Female,77,2002,0.030628,0.031104331736208295,30.628
Female,78,2002,0.038232999999999996,0.03897812533292689,38.233
Female,79,2002,0.041975,0.04287483561241557,41.975
Female,80,2002,0.044488,0.04550010432050532,44.488
Female,81,2002,0.053207,0.05466117866665845,53.207
Female,82,2002,0.06352000000000001,0.06560356936296786,63.52
Female,83,2002,0.067935,0.07032372099282373,67.935
Female,84,2002,0.083555,0.08719791071489139,83.555
Female,85,2002,0.089881,0.09411036694572433,89.881
Female,86,2002,0.105208,0.11104965611001101,105.208
Female,87,2002,0.116779,0.1240204946737531,116.779
Female,88,2002,0.13489500000000001,0.14465137351516405,134.895
Female,89,2002,0.145656,0.1570970650537333,145.656
Female,90,2002,0.16116999999999998,0.17529624815779596,161.17
Female,91,2002,0.179327,0.1969897944331574,179.327
Female,92,2002,0.209633,0.2341788024466492,209.633
Female,93,2002,0.22950299999999998,0.2592526279344161,229.503
Female,94,2002,0.253981,0.290925814667538,253.981
Female,95,2002,0.279993,0.32557193081190944,279.993
Female,96,2002,0.299985,0.3529204154080993,299.985
Female,97,2002,0.30747599999999997,0.36333428654482886,307.476
Female,98,2002,0.322376,0.38432449702674737,322.376
Female,99,2002,0.305807,0.36100609552748714,305.807
Female,100,2002,0.37646300000000005,0.46375660055791773,376.463
Female,101,2002,0.426748,0.5425043159010763,426.748
Female,102,2002,0.451757,0.5835737671670403,451.757
Female,103,2002,0.364668,0.4459865030464762,364.668
Female,104,2002,0.491822,0.6522068350022344,491.822
Female,105,2002,0.234072,0.26509801079092693,234.072
Female,106,2002,1.0,2.0,1000.0
Female,0,2003,0.003068,0.003072713542574309,3.068
Female,1,2003,0.000431,0.0004310929005200621,0.431
Female,2,2003,0.00027800000000000004,0.0002780386473719847,0.278
Female,3,2003,0.000136,0.00013600924862890675,0.136
Female,4,2003,0.00023899999999999998,0.00023902856391338765,0.239
Female,5,2003,3.4e-05,3.4000578009826166e-05,0.034
Female,6,2003,0.0001,0.00010000500025001251,0.1
Female,7,2003,9.900000000000001e-05,9.900490074258676e-05,0.099
Female,8,2003,0.000166,0.00016601377914366892,0.166
Female,9,2003,3.3e-05,3.30005445089844e-05,0.033
Female,10,2003,0.000133,0.00013300884508819837,0.133
Female,11,2003,9.900000000000001e-05,9.900490074258676e-05,0.099
Female,12,2003,0.00013000000000000002,0.0001300084505492857,0.13
Female,13,2003,3.3e-05,3.30005445089844e-05,0.033
Female,14,2003,0.00027100000000000003,0.0002710367254763021,0.271
Female,15,2003,0.000176,0.00017601548936306395,0.176
Female,16,2003,0.000294,0.00029404322435398,0.294
Female,17,2003,0.000189,0.00018901786218797678,0.189
Female,18,2003,0.000381,0.0003810725943292197,0.381
Female,19,2003,0.000306,0.0003060468251642501,0.306
Female,20,2003,0.000417,0.00041708696263170866,0.417
Female,21,2003,0.000372,0.0003720692048721062,0.372
Female,22,2003,0.000259,0.00025903354484405733,0.259
Female,23,2003,0.00029299999999999997,0.0002930429307893606,0.293
Female,24,2003,0.000398,0.0003980792177643351,0.398
Female,25,2003,0.000398,0.0003980792177643351,0.398
Female,26,2003,0.00046,0.0004601058243395981,0.46
Female,27,2003,0.00033800000000000003,0.00033805713165524975,0.338
Female,28,2003,0.00032,0.00032005120819331097,0.32
Female,29,2003,0.000402,0.00040208081824446716,0.402
Female,30,2003,0.00027,0.00027003645492141437,0.27
Female,31,2003,0.000437,0.0004370955053679229,0.437
Female,32,2003,0.00043599999999999997,0.00043609506872498204,0.436
Female,33,2003,0.000373,0.0003730695774761993,0.373
Female,34,2003,0.000623,0.0006231941249699282,0.623
Female,35,2003,0.000402,0.00040208081824446716,0.402
Female,36,2003,0.00034899999999999997,0.00034906091112899196,0.349
Female,37,2003,0.000762,0.0007622904326548414,0.762
Female,38,2003,0.000623,0.0006231941249699282,0.623
Female,39,2003,0.000876,0.0008763838561289845,0.876
Female,40,2003,0.001148,0.0011486593304556815,1.148
Female,41,2003,0.000948,0.0009484495650938544,0.948
Female,42,2003,0.0011459999999999999,0.0011466570344807574,1.146
Female,43,2003,0.0011790000000000001,0.0011796954304562541,1.179
Female,44,2003,0.0012079999999999999,0.0012087300729640702,1.208
Female,45,2003,0.001214,0.0012147373455687603,1.214
Female,46,2003,0.001497,0.0014981213438258537,1.497
Female,47,2003,0.001375,0.001375945962849459,1.375
Female,48,2003,0.002022,0.002024046310820239,2.022
Female,49,2003,0.001843,0.0018446998909495101,1.843
Female,50,2003,0.0022660000000000002,0.0022685702901387274,2.266
Female,51,2003,0.002312,0.0023146757651845533,2.312
Female,52,2003,0.002411,0.002413909968466987,2.411
Female,53,2003,0.002854,0.0028580784779880892,2.854
Female,54,2003,0.002964,0.0029683991675663332,2.964
Female,55,2003,0.0040620000000000005,0.004070266711691446,4.062
Female,56,2003,0.003898,0.0039056120378617924,3.898
Female,57,2003,0.004405,0.004414723428350943,4.405
Female,58,2003,0.004585,0.0045955352645940814,4.585
Female,59,2003,0.005117,0.0051301254259021704,5.117
Female,60,2003,0.005428,0.005442771682345886,5.428
Female,61,2003,0.005535999999999999,0.005551366181590642,5.536
Female,62,2003,0.0063360000000000005,0.006356136239607076,6.336
Female,63,2003,0.00767,0.007699527688686111,7.67
Female,64,2003,0.00797,0.00800188752177427,7.97
Female,65,2003,0.0077339999999999996,0.00776402347879249,7.734
Female,66,2003,0.008496,0.008532244976660856,8.496
Female,67,2003,0.011031000000000001,0.011092178912793514,11.031
Female,68,2003,0.011454,0.011519974896230715,11.454
Female,69,2003,0.012114000000000002,0.012187821635647116,12.114
Female,70,2003,0.013500999999999999,0.013592757912286892,13.501
Female,71,2003,0.015339,0.015457551692707218,15.339
Female,72,2003,0.017795000000000002,0.0179547524095641,17.795
Female,73,2003,0.020023,0.020225487467783715,20.023
Female,74,2003,0.021800999999999997,0.022041260762946494,21.801
Female,75,2003,0.024736,0.025045766034312376,24.736
Female,76,2003,0.028792,0.02921254378026063,28.792
Female,77,2003,0.030775,0.03125595094516879,30.775
Female,78,2003,0.034516,0.035122137855103375,34.516
Female,79,2003,0.038897,0.03966849267988474,38.897
Female,80,2003,0.044840000000000005,0.04586836882914954,44.84
Female,81,2003,0.051607,0.05297391234725232,51.607
Female,82,2003,0.054888,0.05643685299355513,54.888
Female,83,2003,0.06609699999999999,0.06835606542830741,66.097
Female,84,2003,0.07113,0.07375302638332287,71.13
Female,85,2003,0.086555,0.09047032969330188,86.555
Female,86,2003,0.101174,0.10656479319326785,101.174
Female,87,2003,0.110886,0.11739471519453035,110.886
Female,88,2003,0.127268,0.13591693846209707,127.268
Female,89,2003,0.147239,0.15894008995223885,147.239
Female,90,2003,0.161119,0.17523591793052407,161.119
Female,91,2003,0.169806,0.18556065641128755,169.806
Female,92,2003,0.190795,0.21091584425203336,190.795
Female,93,2003,0.209151,0.23357748196525782,209.151
Female,94,2003,0.241751,0.2749906298823432,241.751
Female,95,2003,0.250326,0.28614016096712874,250.326
Female,96,2003,0.28296899999999997,0.32960266879281735,282.969
Female,97,2003,0.314533,0.3732294966320907,314.533
Female,98,2003,0.34218,0.41280718051416915,342.18
Female,99,2003,0.33042,0.39581212041351715,330.42
Female,100,2003,0.350566,0.4250742982138115,350.566
Female,101,2003,0.393469,0.489836797422521,393.469
Female,102,2003,0.413354,0.5210412404531319,413.354
Female,103,2003,0.49957999999999997,0.6659202090081443,499.58
Female,104,2003,0.41039499999999995,0.5163484010178628,410.395
Female,105,2003,0.40119600000000005,0.5018701479355819,401.196
Female,106,2003,1.0,2.0,1000.0
Female,0,2004,0.003105,0.0031098280079823928,3.105
Female,1,2004,0.000287,0.0002870411904108239,0.287
Female,2,2004,0.00014299999999999998,0.000143010225231104,0.143
Female,3,2004,6.900000000000001e-05,6.90023805821301e-05,0.069
Female,4,2004,0.000102,0.00010200520226531554,0.102
Female,5,2004,0.000102,0.00010200520226531554,0.102
Female,6,2004,0.000237,0.00023702808782840765,0.237
Female,7,2004,0.000133,0.00013300884508819837,0.133
Female,8,2004,6.6e-05,6.600217807187637e-05,0.066
Female,9,2004,0.0001,0.00010000500025001251,0.1
Female,10,2004,0.0001,0.00010000500025001251,0.1
Female,11,2004,0.000232,0.00023202691512215417,0.232
Female,12,2004,6.6e-05,6.600217807187637e-05,0.066
Female,13,2004,0.000195,0.0001950190143538995,0.195
Female,14,2004,9.900000000000001e-05,9.900490074258676e-05,0.099
Female,15,2004,0.00016900000000000002,0.00016901428170680425,0.169
Female,16,2004,0.000175,0.000175015313839961,0.175
Female,17,2004,0.000219,0.0002190239831261523,0.219
Female,18,2004,0.000375,0.00037507032568606614,0.375
Female,19,2004,0.000453,0.0004531026277451843,0.453
Female,20,2004,0.000494,0.0004941220481458921,0.494
Female,21,2004,0.00022600000000000002,0.00022602554088612016,0.226
Female,22,2004,0.000185,0.00018501711408305268,0.185
Female,23,2004,0.00032900000000000003,0.00032905412940428705,0.329
Female,24,2004,0.00047,0.000470110475961851,0.47
Female,25,2004,0.000501,0.0005011255319457525,0.501
Female,26,2004,0.000501,0.0005011255319457525,0.501
Female,27,2004,0.00035099999999999997,0.00035106161131278534,0.351
Female,28,2004,0.000368,0.00036806772446130087,0.368
Female,29,2004,0.000317,0.00031705025246501567,0.317
Female,30,2004,0.000215,0.00021502311498486088,0.215
Female,31,2004,0.000628,0.0006281972539377364,0.628
Female,32,2004,0.000261,0.00026103406494547537,0.261
Female,33,2004,0.000665,0.0006652211860443597,0.665
Female,34,2004,0.000486,0.00048611812670478925,0.486
Female,35,2004,0.0006490000000000001,0.0006492106688620457,0.649
Female,36,2004,0.000629,0.0006291978827341199,0.629
Female,37,2004,0.0006670000000000001,0.0006672225187099899,0.667
Female,38,2004,0.000497,0.0004971235351984969,0.497
Female,39,2004,0.000858,0.0008583682399749493,0.858
Female,40,2004,0.000754,0.0007542843652056826,0.754
Female,41,2004,0.000991,0.0009914912839311877,0.991
Female,42,2004,0.001073,0.001073575973509788,1.073
Female,43,2004,0.000923,0.0009234261611733815,0.923
Female,44,2004,0.0012729999999999998,0.0012738107805618274,1.273
Female,45,2004,0.001303,0.001303849457921836,1.303
Female,46,2004,0.001756,0.0017575431228618727,1.756
Female,47,2004,0.0012430000000000002,0.0012437730049225596,1.243
Female,48,2004,0.001824,0.0018256650064859153,1.824
Female,49,2004,0.002513,0.002516161556996366,2.513
Female,50,2004,0.0019450000000000001,0.0019468933537865577,1.945
Female,51,2004,0.002269,0.0022715771042247433,2.269
Female,52,2004,0.0027660000000000002,0.002769830675824666,2.766
Female,53,2004,0.002521,0.002524181731072016,2.521
Female,54,2004,0.0034820000000000003,0.003488072734630993,3.482
Female,55,2004,0.003076,0.0030807381753136325,3.076
Female,56,2004,0.003677,0.003683772615954432,3.677
Female,57,2004,0.004432,0.00444184312436359,4.432
Female,58,2004,0.004999,0.005011526310011874,4.999
Female,59,2004,0.004900000000000001,0.004912034484486994,4.9
Female,60,2004,0.00554,0.005555388425939853,5.54
Female,61,2004,0.00529,0.005304029157120585,5.29
Female,62,2004,0.005621,0.00563684234541178,5.621
Female,63,2004,0.00577,0.005786694613961279,5.77
Female,64,2004,0.008081,0.008113783743214458,8.081
Female,65,2004,0.008093,0.008125881379000123,8.093
Female,66,2004,0.009434,0.00947871108016514,9.434
Female,67,2004,0.00905,0.00909113739672016,9.05
Female,68,2004,0.010205,0.010257338067489364,10.205
Female,69,2004,0.012326,0.012402436214389282,12.326
Female,70,2004,0.012336999999999999,0.01241357312582666,12.337
Female,71,2004,0.013275,0.013363701569165335,13.275
Female,72,2004,0.017085999999999997,0.017233223427743208,17.086
Female,73,2004,0.017952000000000003,0.01811459661925443,17.952
Female,74,2004,0.019587,0.019780722505861152,19.587
Female,75,2004,0.023010000000000003,0.023277811218063826,23.01
Female,76,2004,0.026703,0.027064349664546187,26.703
Female,77,2004,0.030546,0.03101976486884182,30.546
Female,78,2004,0.033275,0.03383797938196748,33.275
Female,79,2004,0.03648,0.037157757496740544,36.48
Female,80,2004,0.044825000000000004,0.04585267303438311,44.825
Female,81,2004,0.048598,0.04980829167952067,48.598
Female,82,2004,0.055509,0.057093604444556446,55.509
Female,83,2004,0.06278,0.06481452803501926,62.78
Female,84,2004,0.07387300000000001,0.07670626080211743,73.873
Female,85,2004,0.081444,0.0849013528924879,81.444
Female,86,2004,0.09074299999999999,0.09505582538128705,90.743
Female,87,2004,0.10499599999999999,0.11081348640952736,104.996
Female,88,2004,0.119616,0.12722507743099282,119.616
Female,89,2004,0.137606,0.14777324239661424,137.606
Female,90,2004,0.153773,0.16658081590183654,153.773
Female,91,2004,0.168124,0.1835539086706742,168.124
Female,92,2004,0.189112,0.20886106705660426,189.112
Female,93,2004,0.203033,0.22597298670481983,203.033
Female,94,2004,0.224881,0.25337005575400856,224.881
Female,95,2004,0.249504,0.28506663254300496,249.504
Female,96,2004,0.250687,0.2866119442318213,250.687
Female,97,2004,0.298688,0.3511266598954219,298.688
Female,98,2004,0.304856,0.35968153737971525,304.856
Female,99,2004,0.318504,0.37883408583784917,318.504
Female,100,2004,0.326727,0.3905244392277889,326.727
Female,101,2004,0.32219,0.38406017367878365,322.19
Female,102,2004,0.340971,0.41104887256340916,340.971
Female,103,2004,0.311564,0.3690563337905612,311.564
Female,104,2004,0.468248,0.611388788785652,468.248
Female,105,2004,0.498251,0.6635609545936105,498.251
Female,106,2004,1.0,2.0,1000.0
Female,0,2005,0.0028399999999999996,0.002844038534719301,2.84
Female,1,2005,0.00035499999999999996,0.00035506302368670437,0.355
Female,2,2005,3.5999999999999994e-05,3.60006480116642e-05,0.036
Female,3,2005,0.00014199999999999998,0.0001420100827158728,0.142
Female,4,2005,6.900000000000001e-05,6.90023805821301e-05,0.069
Female,5,2005,0.00017,0.00017001445122835442,0.17
Female,6,2005,0.000102,0.00010200520226531554,0.102
Female,7,2005,0.000135,0.00013500911311513527,0.135
Female,8,2005,3.3e-05,3.30005445089844e-05,0.033
Female,9,2005,0.0,0.0,0.0
Female,10,2005,9.900000000000001e-05,9.900490074258676e-05,0.099
Female,11,2005,6.6e-05,6.600217807187637e-05,0.066
Female,12,2005,6.6e-05,6.600217807187637e-05,0.066
Female,13,2005,9.800000000000001e-05,9.800480223530953e-05,0.098
Female,14,2005,0.000129,0.00012900832103670686,0.129
Female,15,2005,0.000164,0.00016401344910282645,0.164
Female,16,2005,0.00026900000000000003,0.0002690361853669319,0.269
Female,17,2005,0.00014000000000000001,0.00014000980068604803,0.14
Female,18,2005,0.00029099999999999997,0.00029104234666143923,0.291
Female,19,2005,0.000335,0.00033505612190041833,0.335
Female,20,2005,0.000375,0.00037507032568606614,0.375
Female,21,2005,0.000491,0.0004911205700999596,0.491
Female,22,2005,0.000298,0.0002980444086168839,0.298
Female,23,2005,0.00032700000000000003,0.0003270534732428752,0.327
Female,24,2005,0.000398,0.0003980792177643351,0.398
Female,25,2005,0.000357,0.000357063735876854,0.357
Female,26,2005,0.00045900000000000004,0.0004591053646811944,0.459
Female,27,2005,0.000424,0.00042408990706029677,0.424
Female,28,2005,0.000277,0.0002770383698142193,0.277
Female,29,2005,0.000298,0.0002980444086168839,0.298
Female,30,2005,0.000566,0.0005661602233432061,0.566
Female,31,2005,0.00033600000000000004,0.00033605645748485745,0.336
Female,32,2005,0.000268,0.0002680359168128529,0.268
Female,33,2005,0.000491,0.0004911205700999596,0.491
Female,34,2005,0.000518,0.0005181341967569601,0.518
Female,35,2005,0.000455,0.0004551035360544524,0.455
Female,36,2005,0.000647,0.0006472093722319171,0.647
Female,37,2005,0.000856,0.0008563665248726455,0.856
Female,38,2005,0.000549,0.0005491507418786456,0.549
Female,39,2005,0.000905,0.0009054096978882944,0.905
Female,40,2005,0.001093,0.001093597651116335,1.093
Female,41,2005,0.000722,0.0007222607361257414,0.722
Female,42,2005,0.00099,0.000990490292694884,0.99
Female,43,2005,0.001229,0.0012297556848683516,1.229
Female,44,2005,0.0011120000000000001,0.0011126186159504687,1.112
Female,45,2005,0.001304,0.0013048507626972786,1.304
Female,46,2005,0.001366,0.0013669336156594955,1.366
Female,47,2005,0.001789,0.0017906016932145805,1.789
Female,48,2005,0.001403,0.001403984895404126,1.403
Female,49,2005,0.00221,0.002212444751450353,2.21
Female,50,2005,0.002059,0.00206112192502181,2.059
Female,51,2005,0.002576,0.002579322166951033,2.576
Female,52,2005,0.0027080000000000003,0.0027116716033509375,2.708
Female,53,2005,0.002979,0.0029834438395990827,2.979
Female,54,2005,0.003159,0.0031639975341051186,3.159
Female,55,2005,0.003285,0.0032904044893737965,3.285
Female,56,2005,0.003326,0.0033315403516047185,3.326
Female,57,2005,0.0043289999999999995,0.0043383904461206275,4.329
Female,58,2005,0.004777999999999999,0.004789441976882772,4.778
Female,59,2005,0.004655,0.004665859788658102,4.655
Female,60,2005,0.005545,0.005560416254064393,5.545
Female,61,2005,0.006559000000000001,0.006580581015440136,6.559
Female,62,2005,0.0062770000000000005,0.006296762388757115,6.277
Female,63,2005,0.006187000000000001,0.0062061988762235985,6.187
Female,64,2005,0.007692,0.007721697649158665,7.692
Female,65,2005,0.008856999999999999,0.008896397697202057,8.857
Female,66,2005,0.008737,0.00877533505117104,8.737
Female,67,2005,0.009254,0.00929701729904267,9.254
Female,68,2005,0.010349,0.010402829440942155,10.349
Female,69,2005,0.011635,0.011703082683511327,11.635
Female,70,2005,0.014622,0.014729688754484032,14.622
Female,71,2005,0.013262000000000001,0.013350527346836878,13.262
Female,72,2005,0.014564,0.014670833005949324,14.564
Female,73,2005,0.018205,0.018372233253187136,18.205
Female,74,2005,0.020056,0.020259158844896624,20.056
Female,75,2005,0.022238,0.02248804456754655,22.238
Female,76,2005,0.026421,0.026774707270395562,26.421
Female,77,2005,0.02856,0.028973745079738666,28.56
Female,78,2005,0.032267000000000004,0.03279611613974051,32.267
Female,79,2005,0.037738,0.03846377293144341,37.738
Female,80,2005,0.041061999999999994,0.04192271526714984,41.062
Female,81,2005,0.046003,0.04708604977387376,46.003
Female,82,2005,0.051854,0.05323420318600351,51.854
Female,83,2005,0.060107999999999995,0.06197046021118701,60.108
Female,84,2005,0.064696,0.06685874673953034,64.696
Female,85,2005,0.084745,0.0884947435197924,84.745
Female,86,2005,0.088785,0.09290948428094171,88.785
Female,87,2005,0.099396,0.10459411850127644,99.396
Female,88,2005,0.120932,0.12871487354369293,120.932
Female,89,2005,0.13273300000000002,0.14216820626080792,132.733
Female,90,2005,0.14748,0.1592209530801287,147.48
Female,91,2005,0.168338,0.18380902153344883,168.338
Female,92,2005,0.190911,0.21105760965878406,190.911
Female,93,2005,0.189237,0.2090135484323459,189.237
Female,94,2005,0.23131100000000002,0.2615620948623529,231.311
Female,95,2005,0.247027,0.2818377693210335,247.027
Female,96,2005,0.267206,0.3084105785223171,267.206
Female,97,2005,0.27467,0.3183970602725276,274.67
Female,98,2005,0.33067599999999997,0.3961795313552072,330.676
Female,99,2005,0.353066,0.42875549354133197,353.066
Female,100,2005,0.362722,0.44307930601889234,362.722
Female,101,2005,0.352715,0.42823797946317727,352.715
Female,102,2005,0.38474200000000003,0.4763845775721279,384.742
Female,103,2005,0.477954,0.6280414652382386,477.954
Female,104,2005,0.40119600000000005,0.5018701479355819,401.196
Female,105,2005,0.413354,0.5210412404531319,413.354
Female,106,2005,1.0,2.0,1000.0
Female,0,2006,0.00262,0.0026234367020797245,2.62
Female,1,2006,0.000248,0.0002480307558137209,0.248
Female,2,2006,0.00014099999999999998,0.00014100994120085463,0.141
Female,3,2006,7.099999999999999e-05,7.100252058948092e-05,0.071
Female,4,2006,0.00014199999999999998,0.0001420100827158728,0.142
Female,5,2006,6.900000000000001e-05,6.90023805821301e-05,0.069
Female,6,2006,0.00016900000000000002,0.00016901428170680425,0.169
Female,7,2006,0.000135,0.00013500911311513527,0.135
Female,8,2006,0.000101,0.00010100510075758825,0.101
Female,9,2006,0.00019700000000000002,0.00019701940641153156,0.197
Female,10,2006,3.3e-05,3.30005445089844e-05,0.033
Female,11,2006,0.0,0.0,0.0
Female,12,2006,0.0,0.0,0.0
Female,13,2006,3.3e-05,3.30005445089844e-05,0.033
Female,14,2006,3.3e-05,3.30005445089844e-05,0.033
Female,15,2006,0.000258,0.00025803328629393194,0.258
Female,16,2006,0.000163,0.000163013285582775,0.163
Female,17,2006,0.000335,0.00033505612190041833,0.335
Female,18,2006,0.00027800000000000004,0.0002780386473719847,0.278
Female,19,2006,0.00014399999999999998,0.00014401036874654973,0.144
Female,20,2006,0.00036899999999999997,0.00036906809306317014,0.369
Female,21,2006,0.00026000000000000003,0.0002600338043945713,0.26
Female,22,2006,0.000224,0.00022402509081017073,0.224
Female,23,2006,0.000147,0.00014701080529418912,0.147
Female,24,2006,0.00043,0.0004300924698810244,0.43
Female,25,2006,0.000321,0.00032105152877036765,0.321
Female,26,2006,0.000316,0.0003160499358898706,0.316
Female,27,2006,0.000382,0.00038207297593840427,0.382
Female,28,2006,0.000244,0.00024402977163213912,0.244
Female,29,2006,0.00013700000000000002,0.00013700938514288232,0.137
Female,30,2006,0.00029499999999999996,0.0002950435189190405,0.295
Female,31,2006,0.00034300000000000004,0.00034305883459013223,0.343
Female,32,2006,0.000455,0.0004551035360544524,0.455
Female,33,2006,0.000621,0.0006211928803893609,0.621
Female,34,2006,0.000402,0.00040208081824446716,0.402
Female,35,2006,0.0005729999999999999,0.0005731642115466081,0.573
Female,36,2006,0.000397,0.0003970788201457989,0.397
Female,37,2006,0.000588,0.0005881729228393147,0.588
Female,38,2006,0.0006540000000000001,0.0006542139279544411,0.654
Female,39,2006,0.000721,0.0007212600142351317,0.721
Female,40,2006,0.000728,0.0007282650884922112,0.728
Female,41,2006,0.000766,0.0007662934904068259,0.766
Female,42,2006,0.000751,0.0007512821064309649,0.751
Female,43,2006,0.0010509999999999999,0.0010515525908865106,1.051
Female,44,2006,0.0011970000000000001,0.0011977168335248647,1.197
Female,45,2006,0.001397,0.0013979764865758733,1.397
Female,46,2006,0.001717,0.0017184753110545403,1.717
Female,47,2006,0.001335,0.0013358917077148998,1.335
Female,48,2006,0.0023639999999999998,0.0023667975547096666,2.364
Female,49,2006,0.001916,0.001917837288122021,1.916
Female,50,2006,0.0021160000000000003,0.00211824109908283,2.116
Female,51,2006,0.0023889999999999996,0.0023918570732740256,2.389
Female,52,2006,0.002382,0.0023848403448507175,2.382
Female,53,2006,0.0026469999999999996,0.002650507947268209,2.647
Female,54,2006,0.002779,0.0027828667934094425,2.779
Female,55,2006,0.0032730000000000003,0.003278365044395153,3.273
Female,56,2006,0.004058,0.0040662504221064535,4.058
Female,57,2006,0.003993,0.00400098797248707,3.993
Female,58,2006,0.003875,0.003882522387125055,3.875
Female,59,2006,0.004766,0.004777384507280851,4.766
Female,60,2006,0.005692,0.005708245667168763,5.692
Female,61,2006,0.005798,0.005814857271229294,5.798
Female,62,2006,0.006085,0.006103570112065961,6.085
Female,63,2006,0.008422,0.008457615016835897,8.422
Female,64,2006,0.006575,0.00659668660722124,6.575
Female,65,2006,0.0068319999999999995,0.006855418108257808,6.832
Female,66,2006,0.007754,0.007784179263002661,7.754
Female,67,2006,0.009397,0.00944136023104557,9.397
Female,68,2006,0.010846,0.010905138566445835,10.846
Female,69,2006,0.009994999999999999,0.010045200891455046,9.995
Female,70,2006,0.011521,0.011587751241023918,11.521
Female,71,2006,0.014512,0.014618068706534617,14.512
Female,72,2006,0.015417,0.015536765154191083,15.417
Female,73,2006,0.017376000000000003,0.01752828574656617,17.376
Female,74,2006,0.020522,0.020734759365853016,20.522
Female,75,2006,0.022047999999999998,0.022293766481694195,22.048
Female,76,2006,0.027922,0.02831733836085591,27.922
Female,77,2006,0.027463,0.02784535854080304,27.463
Female,78,2006,0.031104,0.03159537121310623,31.104
Female,79,2006,0.037598,0.03831834659768998,37.598
Female,80,2006,0.040587000000000005,0.04142771329985052,40.587
Female,81,2006,0.047648,0.04881087017095278,47.648
Female,82,2006,0.054439999999999995,0.0559633216143424,54.44
Female,83,2006,0.064295,0.06643057697324747,64.295
Female,84,2006,0.072457,0.07518068338812674,72.457
Female,85,2006,0.0824,0.08594075928243639,82.4
Female,86,2006,0.089771,0.09398977818889778,89.771
Female,87,2006,0.101028,0.1064028326905294,101.028
Female,88,2006,0.12077,0.12853136657035064,120.77
Female,89,2006,0.132193,0.14154888593950019,132.193
Female,90,2006,0.156869,0.1702201308534228,156.869
Female,91,2006,0.16753700000000002,0.18285444235436135,167.537
Female,92,2006,0.187886,0.20736664470336855,187.886
Female,93,2006,0.207928,0.23205317643487539,207.928
Female,94,2006,0.23236500000000002,0.26291061220217976,232.365
Female,95,2006,0.258047,0.2962732059935027,258.047
Female,96,2006,0.270978,0.31344656111952307,270.978
Female,97,2006,0.30717099999999997,0.36290848041946344,307.171
Female,98,2006,0.332304,0.39851867486640247,332.304
Female,99,2006,0.31076,0.36792877270251706,310.76
Female,100,2006,0.320535,0.38171084244089637,320.535
Female,101,2006,0.35527,0.43201011716208737,355.27
Female,102,2006,0.379864,0.4689285343946434,379.864
Female,103,2006,0.44763600000000003,0.5767152549273239,447.636
Female,104,2006,0.332686,0.399068201910378,332.686
Female,105,2006,0.49486399999999997,0.6575671567220503,494.864
Female,106,2006,1.0,2.0,1000.0
Female,0,2007,0.0029,0.0029042111061038504,2.9
Female,1,2007,0.00028000000000000003,0.00028003920548876846,0.28
Female,2,2007,0.00028000000000000003,0.00028003920548876846,0.28
Female,3,2007,7.000000000000001e-05,7.000245008575301e-05,0.07
Female,4,2007,7.099999999999999e-05,7.100252058948092e-05,0.071
Female,5,2007,0.000106,0.00010600561829776978,0.106
Female,6,2007,3.4e-05,3.4000578009826166e-05,0.034
Female,7,2007,0.000101,0.00010100510075758825,0.101
Female,8,2007,0.000101,0.00010100510075758825,0.101
Female,9,2007,6.7e-05,6.700224457519328e-05,0.067
Female,10,2007,0.000131,0.00013100858106205958,0.131
Female,11,2007,6.500000000000001e-05,6.50021125686585e-05,0.065
Female,12,2007,0.000131,0.00013100858106205958,0.131
Female,13,2007,0.000131,0.00013100858106205958,0.131
Female,14,2007,3.3e-05,3.30005445089844e-05,0.033
Female,15,2007,6.500000000000001e-05,6.50021125686585e-05,0.065
Female,16,2007,0.00016,0.00016001280102408193,0.16
Female,17,2007,0.000194,0.00019401881982552307,0.194
Female,18,2007,0.000367,0.0003670673568599838,0.367
Female,19,2007,0.00013800000000000002,0.00013800952265706335,0.138
Female,20,2007,0.000393,0.0003930772396775967,0.393
Female,21,2007,0.000365,0.00036506662465900024,0.365
Female,22,2007,0.00029299999999999997,0.0002930429307893606,0.293
Female,23,2007,0.000366,0.00036606699025921747,0.366
Female,24,2007,0.000215,0.00021502311498486088,0.215
Female,25,2007,0.00028100000000000005,0.00028103948604778976,0.281
Female,26,2007,0.000383,0.00038307335854816197,0.383
Female,27,2007,0.00034300000000000004,0.00034305883459013223,0.343
Female,28,2007,0.000442,0.00044209770359249397,0.442
Female,29,2007,0.000308,0.0003080474393056531,0.308
Female,30,2007,0.00027,0.00027003645492141437,0.27
Female,31,2007,0.000259,0.00025903354484405733,0.259
Female,32,2007,0.000432,0.00043209333215974647,0.432
Female,33,2007,0.000391,0.0003910764554470399,0.391
Female,34,2007,0.000352,0.0003520619629054713,0.352
Female,35,2007,0.00057,0.0005701624963114487,0.57
Female,36,2007,0.000683,0.0006832333241802075,0.683
Female,37,2007,0.000535,0.0005351431507928371,0.535
Female,38,2007,0.000669,0.0006692238553796245,0.669
Female,39,2007,0.000736,0.0007362709477087569,0.736
Female,40,2007,0.000632,0.0006321997751289407,0.632
Female,41,2007,0.000755,0.0007552851201328502,0.755
Female,42,2007,0.001028,0.0010285286637331588,1.028
Female,43,2007,0.0009,0.0009004051823320494,0.9
Female,44,2007,0.001203,0.0012037240400100662,1.203
Female,45,2007,0.0016979999999999999,0.001699442826960089,1.698
Female,46,2007,0.001269,0.0012698056917113908,1.269
Female,47,2007,0.001463,0.0014640709679130284,1.463
Female,48,2007,0.001683,0.0016844174372734658,1.683
Female,49,2007,0.001599,0.0016002794233990073,1.599
Female,50,2007,0.00233,0.0023327176160226662,2.33
Female,51,2007,0.002085,0.002087175880855792,2.085
Female,52,2007,0.0024249999999999996,0.0024279438819568722,2.425
Female,53,2007,0.0029809999999999997,0.002985449812946196,2.981
Female,54,2007,0.0026520000000000003,0.002655521221139231,2.652
Female,55,2007,0.00362,0.0036265640809865856,3.62
Female,56,2007,0.003353,0.003358630744443059,3.353
Female,57,2007,0.004037,0.004045165165887344,4.037
Female,58,2007,0.003973,0.00398090807388878,3.973
Female,59,2007,0.0052759999999999994,0.005289954901028914,5.276
Female,60,2007,0.0054459999999999995,0.005460869948870775,5.446
Female,61,2007,0.005248,0.005261806981519507,5.248
Female,62,2007,0.00631,0.0063299710586901675,6.31
Female,63,2007,0.006012,0.0060301265604406845,6.012
Female,64,2007,0.007607,0.007636043692183218,7.607
Female,65,2007,0.0076500000000000005,0.007679373604035436,7.65
Female,66,2007,0.009151999999999999,0.009194072073809753,9.152
Female,67,2007,0.009838,0.009886632344502608,9.838
Female,68,2007,0.010242000000000001,0.01029471925731672,10.242
Female,69,2007,0.01062,0.010676693241110296,10.62
Female,70,2007,0.013392,0.01348227732899495,13.392
Female,71,2007,0.012820999999999999,0.01290371929252473,12.821
Female,72,2007,0.015294,0.015411854450986695,15.294
Female,73,2007,0.017899,0.018060633640768056,17.899
Female,74,2007,0.020579999999999998,0.020793969950793665,20.58
Female,75,2007,0.024149,0.024444150900042563,24.149
Female,76,2007,0.024189,0.024485135470953445,24.189
Female,77,2007,0.028995,0.029421538758146227,28.995
Female,78,2007,0.031471,0.031974128905390774,31.471
Female,79,2007,0.036270000000000004,0.036939905180447416,36.27
Female,80,2007,0.042436,0.0433559260386889,42.436
Female,81,2007,0.04592,0.0469990993203963,45.92
Female,82,2007,0.056038,0.05765339034404993,56.038
Female,83,2007,0.063551,0.06563663695764772,63.551
Female,84,2007,0.067777,0.07015442834496846,67.777
Female,85,2007,0.08548,0.08929653385705033,85.48
Female,86,2007,0.08905500000000001,0.09320519428868965,89.055
Female,87,2007,0.105066,0.11089146112740603,105.066
Female,88,2007,0.112375,0.11906496258525927,112.375
Female,89,2007,0.136766,0.14680496384243738,136.766
Female,90,2007,0.15089,0.1632028381221236,150.89
Female,91,2007,0.16016999999999998,0.1741139126984558,160.17
Female,92,2007,0.188938,0.2086488480239771,188.938
Female,93,2007,0.20046,0.22279026862420398,200.46
Female,94,2007,0.214055,0.23971062938668325,214.055
Female,95,2007,0.256189,0.2938265672139928,256.189
Female,96,2007,0.271484,0.3141237917381153,271.484
Female,97,2007,0.296403,0.347973141535234,296.403
Female,98,2007,0.34169299999999997,0.4120986041788402,341.693
Female,99,2007,0.31108300000000005,0.3683816315425803,311.083
Female,100,2007,0.407503,0.5117786721105283,407.503
Female,101,2007,0.390483,0.48521761497393323,390.483
Female,102,2007,0.341096,0.4112305473975589,341.096
Female,103,2007,0.435282,0.5563711799825911,435.282
Female,104,2007,0.34075900000000003,0.4107408146254824,340.759
Female,105,2007,0.388125,0.48158200853043814,388.125
Female,106,2007,1.0,2.0,1000.0
Female,0,2008,0.002137,0.002139285826906049,2.137
Female,1,2008,0.000207,0.00020702142671766527,0.207
Female,2,2008,0.000207,0.00020702142671766527,0.207
Female,3,2008,6.900000000000001e-05,6.90023805821301e-05,0.069
Female,4,2008,0.000104,0.00010400540828123062,0.104
Female,5,2008,0.00010499999999999999,0.00010500551278942144,0.105
Female,6,2008,7.000000000000001e-05,7.000245008575301e-05,0.07
Female,7,2008,6.8e-05,6.800231207861067e-05,0.068
Female,8,2008,6.7e-05,6.700224457519328e-05,0.067
Female,9,2008,0.000134,0.0001340089786015663,0.134
Female,10,2008,6.6e-05,6.600217807187637e-05,0.066
Female,11,2008,3.3e-05,3.30005445089844e-05,0.033
Female,12,2008,0.000129,0.00012900832103670686,0.129
Female,13,2008,9.800000000000001e-05,9.800480223530953e-05,0.098
Female,14,2008,0.00013000000000000002,0.0001300084505492857,0.13
Female,15,2008,0.000163,0.000163013285582775,0.163
Female,16,2008,9.7e-05,9.700470472817932e-05,0.097
Female,17,2008,0.000255,0.00025503251664587233,0.255
Female,18,2008,0.000322,0.00032205185034790603,0.322
Female,19,2008,0.000297,0.000297044111050491,0.297
Female,20,2008,0.00017,0.00017001445122835442,0.17
Female,21,2008,0.00014099999999999998,0.00014100994120085463,0.141
Female,22,2008,0.000429,0.0004290920402426321,0.429
Female,23,2008,0.000358,0.0003580640934727316,0.358
Female,24,2008,0.000285,0.00028504061828810607,0.285
Female,25,2008,0.000279,0.00027903892593016724,0.279
Female,26,2008,0.000477,0.00047711379163930596,0.477
Female,27,2008,0.000203,0.00020302060659156904,0.203
Female,28,2008,0.000367,0.0003670673568599838,0.367
Female,29,2008,0.000565,0.0005651596576032729,0.565
Female,30,2008,0.00036899999999999997,0.00036906809306317014,0.369
Female,31,2008,0.000431,0.0004310929005200621,0.431
Female,32,2008,0.000383,0.00038307335854816197,0.383
Female,33,2008,0.000458,0.0004581049060234794,0.458
Female,34,2008,0.000417,0.00041708696263170866,0.417
Female,35,2008,0.0005819999999999999,0.0005821694112986879,0.582
Female,36,2008,0.00047999999999999996,0.0004801152276546371,0.48
Female,37,2008,0.0007059999999999999,0.0007062493060050198,0.706
Female,38,2008,0.000504,0.0005041270400140836,0.504
Female,39,2008,0.000748,0.0007482798566663932,0.748
Female,40,2008,0.000732,0.0007322680100916935,0.732
Female,41,2008,0.000629,0.0006291978827341199,0.629
Female,42,2008,0.0009260000000000001,0.0009264289365976448,0.926
Female,43,2008,0.0010249999999999999,0.0010255255818607035,1.025
Female,44,2008,0.000867,0.0008673760074992509,0.867
Female,45,2008,0.0010760000000000001,0.00107657919960939,1.076
Female,46,2008,0.001192,0.0011927108556699794,1.192
Female,47,2008,0.001393,0.00139397090073236,1.393
Female,48,2008,0.00181,0.0018116395337780691,1.81
Female,49,2008,0.001459,0.0014600651175032187,1.459
Female,50,2008,0.002141,0.0021432943966516156,2.141
Female,51,2008,0.002108,0.002110224176281801,2.108
Female,52,2008,0.002856,0.0028600842002379397,2.856
Female,53,2008,0.002558,0.0025612758718400836,2.558
Female,54,2008,0.002754,0.0027577974871397914,2.754
Female,55,2008,0.002456,0.0024590196761623273,2.456
Female,56,2008,0.003,0.0030045067601402104,3.0
Female,57,2008,0.004103,0.004111434608098514,4.103
Female,58,2008,0.0036680000000000003,0.0036747394721920006,3.668
Female,59,2008,0.00475,0.00476130810675354,4.75
Female,60,2008,0.005234,0.00524773331809345,5.234
Female,61,2008,0.005405999999999999,0.005420652022416592,5.406
Female,62,2008,0.006541,0.00656246253371652,6.541
Female,63,2008,0.007168,0.007193782516539277,7.168
Female,64,2008,0.007261,0.007287457113048924,7.261
Female,65,2008,0.008199999999999999,0.008233758409478863,8.2
Female,66,2008,0.009192,0.0092344414931023,9.192
Female,67,2008,0.009186,0.009228385976791402,9.186
Female,68,2008,0.010875,0.010934456105071324,10.875
Female,69,2008,0.011371000000000001,0.011436019488803593,11.371
Female,70,2008,0.013061,0.013146855540104653,13.061
Female,71,2008,0.014101,0.014201125032038386,14.101
Female,72,2008,0.015547,0.015668801427899778,15.547
Female,73,2008,0.016829999999999998,0.01697282633359722,16.83
Female,74,2008,0.018864000000000002,0.019043619418353915,18.864
Female,75,2008,0.02096,0.02118198722612984,20.96
Female,76,2008,0.024507,0.024811021856316375,24.507
Female,77,2008,0.028544,0.02895727827554863,28.544
Female,78,2008,0.031114,0.031605689714894615,31.114
Female,79,2008,0.035549,0.036192300037007796,35.549
Female,80,2008,0.040959,0.04181535761630308,40.959
Female,81,2008,0.047607,0.04876784540817345,47.607
Female,82,2008,0.050996,0.05233031846009552,50.996
Female,83,2008,0.061963000000000004,0.06394408362688639,61.963
Female,84,2008,0.07192,0.07460271358034937,71.92
Female,85,2008,0.074847,0.07775693672139306,74.847
Female,86,2008,0.092319,0.09678662208199379,92.319
Female,87,2008,0.097157,0.10211772595006523,97.157
Female,88,2008,0.116537,0.12374758622813403,116.537
Female,89,2008,0.115182,0.12222081919845842,115.182
Female,90,2008,0.14625899999999997,0.157798743190122,146.259
Female,91,2008,0.165973,0.180992973385888,165.973
Female,92,2008,0.181645,0.19979046995773653,181.645
Female,93,2008,0.193678,0.21444460068581347,193.678
Female,94,2008,0.21366,0.2392153789312225,213.66
Female,95,2008,0.238925,0.2713399486109337,238.925
Female,96,2008,0.267381,0.3086437352932179,267.381
Female,97,2008,0.27601299999999995,0.3202031105803001,276.013
Female,98,2008,0.331427,0.3972580162809779,331.427
Female,99,2008,0.315377,0.3744184900716659,315.377
Female,100,2008,0.38166500000000003,0.4716761362758638,381.665
Female,101,2008,0.39593,0.4936567606151851,395.93
Female,102,2008,0.33652,0.4045975905932142,336.52
Female,103,2008,0.40436900000000003,0.5068452543225846,404.369
Female,104,2008,0.49381400000000003,0.6557145000683847,493.814
Female,105,2008,0.49300099999999997,0.6542817878445838,493.001
Female,106,2008,1.0,2.0,1000.0
Female,0,2009,0.0024519999999999998,0.002455009842066373,2.452
Female,1,2009,0.000136,0.00013600924862890675,0.136
Female,2,2009,0.000136,0.00013600924862890675,0.136
Female,3,2009,0.000171,0.00017101462175015964,0.171
Female,4,2009,0.00013800000000000002,0.00013800952265706335,0.138
Female,5,2009,0.000103,0.00010300530477319581,0.103
Female,6,2009,7.000000000000001e-05,7.000245008575301e-05,0.07
Female,7,2009,0.00013900000000000002,0.00013900966117145143,0.139
Female,8,2009,0.0,0.0,0.0
Female,9,2009,0.000166,0.00016601377914366892,0.166
Female,10,2009,6.7e-05,6.700224457519328e-05,0.067
Female,11,2009,9.900000000000001e-05,9.900490074258676e-05,0.099
Female,12,2009,6.500000000000001e-05,6.50021125686585e-05,0.065
Female,13,2009,9.7e-05,9.700470472817932e-05,0.097
Female,14,2009,0.000162,0.0001620131230629681,0.162
Female,15,2009,6.500000000000001e-05,6.50021125686585e-05,0.065
Female,16,2009,0.00022700000000000002,0.0002270257674246027,0.227
Female,17,2009,0.00035299999999999996,0.00035306231549868546,0.353
Female,18,2009,0.000253,0.0002530320085490815,0.253
Female,19,2009,0.000383,0.00038307335854816197,0.383
Female,20,2009,0.000391,0.0003910764554470399,0.391
Female,21,2009,0.00026700000000000004,0.00026703564925917615,0.267
Female,22,2009,0.00013800000000000002,0.00013800952265706335,0.138
Female,23,2009,0.000348,0.0003480605625378816,0.348
Female,24,2009,0.000243,0.00024302952808766265,0.243
Female,25,2009,0.000378,0.00037807145550509047,0.378
Female,26,2009,0.00027,0.00027003645492141437,0.27
Female,27,2009,0.000297,0.000297044111050491,0.297
Female,28,2009,0.00042699999999999997,0.0004270911839677771,0.427
Female,29,2009,0.000455,0.0004551035360544524,0.455
Female,30,2009,0.000423,0.00042308948342574456,0.423
Female,31,2009,0.00023,0.00023002645304209983,0.23
Female,32,2009,0.000555,0.0005551540552503321,0.555
Female,33,2009,0.000315,0.0003150496203151997,0.315
Female,34,2009,0.00036199999999999996,0.0003620655338616289,0.362
Female,35,2009,0.00053,0.0005301404872291157,0.53
Female,36,2009,0.00049,0.0004901200794194578,0.49
Female,37,2009,0.000448,0.0004481003744838844,0.448
Female,38,2009,0.0007840000000000001,0.0007843074485198198,0.784
Female,39,2009,0.000639,0.0006392042257501272,0.639
Female,40,2009,0.0005510000000000001,0.0005511518423325627,0.551
Female,41,2009,0.000504,0.0005041270400140836,0.504
Female,42,2009,0.000825,0.0008253404529368365,0.825
Female,43,2009,0.001008,0.0010085082881772414,1.008
Female,44,2009,0.000963,0.0009634639078716402,0.963
Female,45,2009,0.001131,0.00113163994238742,1.131
Female,46,2009,0.001593,0.0015942698359243136,1.593
Female,47,2009,0.001501,0.0015021273465736034,1.501
Female,48,2009,0.0015480000000000001,0.0015491990800879883,1.548
Female,49,2009,0.001522,0.001523159124093435,1.522
Female,50,2009,0.0021219999999999998,0.0021242538333171492,2.122
Female,51,2009,0.002491,0.0024941064095330735,2.491
Female,52,2009,0.0026190000000000002,0.0026224340774243875,2.619
Female,53,2009,0.002569,0.0025723041246481105,2.569
Female,54,2009,0.003478,0.003484058778215317,3.478
Female,55,2009,0.002557,0.002560273309426101,2.557
Female,56,2009,0.003266,0.0032713421016519976,3.266
Female,57,2009,0.003286,0.003291407782987448,3.286
Female,58,2009,0.00426,0.0042690931684487956,4.26
Female,59,2009,0.004203999999999999,0.004212855422097248,4.204
Female,60,2009,0.004353,0.004362494970302865,4.353
Female,61,2009,0.004779,0.00479044677256304,4.779
Female,62,2009,0.006331000000000001,0.006351104421044819,6.331
Female,63,2009,0.0072759999999999995,0.007302566737792087,7.276
Female,64,2009,0.007328,0.00735494853141912,7.328
Female,65,2009,0.008046,0.008078499804714366,8.046
Female,66,2009,0.008271,0.008305346761532316,8.271
Female,67,2009,0.009324,0.009367672087270858,9.324
Female,68,2009,0.009169,0.009211228878794836,9.169
Female,69,2009,0.012199,0.012273864436128164,12.199
Female,70,2009,0.013241,0.013329246274963395,13.241
Female,71,2009,0.01385,0.013946580066963723,13.85
Female,72,2009,0.013923999999999999,0.014021618508053064,13.924
Female,73,2009,0.016244,0.01637701410858997,16.244
Female,74,2009,0.018349,0.01851890166331004,18.349
Female,75,2009,0.021841000000000003,0.02208214809830757,21.841
Female,76,2009,0.022743,0.023004596772195015,22.743
Female,77,2009,0.026655,0.027015042985387757,26.655
Female,78,2009,0.028547,0.028960365780974745,28.547
Female,79,2009,0.035817999999999996,0.03647116204099212,35.818
Female,80,2009,0.041619,0.04250347608560337,41.619
Female,81,2009,0.046292,0.04738886261406515,46.292
Female,82,2009,0.05147,0.05282956895711126,51.47
Female,83,2009,0.062017,0.06400159340923012,62.017
Female,84,2009,0.068044,0.07044052763106405,68.044
Female,85,2009,0.08084999999999999,0.08425605085584764,80.85
Female,86,2009,0.085826,0.08967418844890798,85.826
Female,87,2009,0.103108,0.10871256771603234,103.108
Female,88,2009,0.11259999999999999,0.11931757973932393,112.6
Female,89,2009,0.132937,0.1424022649476745,132.937
Female,90,2009,0.129632,0.13861657171209088,129.632
Female,91,2009,0.163656,0.17824111386537597,163.656
Female,92,2009,0.183832,0.20243942190370054,183.832
Female,93,2009,0.198983,0.22096737565497715,198.983
Female,94,2009,0.216527,0.24281500196526662,216.527
Female,95,2009,0.251947,0.2882601385655926,251.947
Female,96,2009,0.255309,0.29266959020250577,255.309
Female,97,2009,0.30931000000000003,0.3658979469920565,309.31
Female,98,2009,0.27910199999999996,0.3243678591061178,279.102
Female,99,2009,0.35213,0.42737594591806394,352.13
Female,100,2009,0.360091,0.4391597338632814,360.091
Female,101,2009,0.38858499999999996,0.48229040936071704,388.585
Female,102,2009,0.41591300000000003,0.5251138352880871,415.913
Female,103,2009,0.508902,0.6825869258760993,508.902
Female,104,2009,0.342327,0.41302114470103574,342.327
Female,105,2009,0.32440199999999997,0.3872074328090628,324.402
Female,106,2009,1.0,2.0,1000.0
Female,0,2010,0.002457,0.0024600221371955445,2.457
Female,1,2010,0.000397,0.0003970788201457989,0.397
Female,2,2010,0.0,0.0,0.0
Female,3,2010,0.000101,0.00010100510075758825,0.101
Female,4,2010,6.8e-05,6.800231207861067e-05,0.068
Female,5,2010,0.000103,0.00010300530477319581,0.103
Female,6,2010,3.4e-05,3.4000578009826166e-05,0.034
Female,7,2010,0.00013800000000000002,0.00013800952265706335,0.138
Female,8,2010,3.5000000000000004e-05,3.500061251071894e-05,0.035
Female,9,2010,0.00016800000000000002,0.0001680141131855076,0.168
Female,10,2010,3.3e-05,3.30005445089844e-05,0.033
Female,11,2010,3.3e-05,3.30005445089844e-05,0.033
Female,12,2010,0.0,0.0,0.0
Female,13,2010,0.000129,0.00012900832103670686,0.129
Female,14,2010,3.2e-05,3.200051200819213e-05,0.032
Female,15,2010,0.000161,0.00016101296154340426,0.161
Female,16,2010,0.000161,0.00016101296154340426,0.161
Female,17,2010,0.000258,0.00025803328629393194,0.258
Female,18,2010,0.000414,0.0004140857157431588,0.414
Female,19,2010,0.00028199999999999997,0.0002820397676072326,0.282
Female,20,2010,0.000314,0.0003140493057410013,0.314
Female,21,2010,0.000352,0.0003520619629054713,0.352
Female,22,2010,0.000522,0.0005221362775684453,0.522
Female,23,2010,0.00033400000000000004,0.0003340557873164819,0.334
Female,24,2010,0.000236,0.00023602785128645177,0.236
Female,25,2010,0.000335,0.00033505612190041833,0.335
Female,26,2010,0.000299,0.00029904470718372395,0.299
Female,27,2010,9.800000000000001e-05,9.800480223530953e-05,0.098
Female,28,2010,0.000257,0.00025703302874419365,0.257
Female,29,2010,0.000737,0.0007372716846157809,0.737
Female,30,2010,0.000319,0.00031905088861673437,0.319
Female,31,2010,0.00038500000000000003,0.00038507412676940314,0.385
Female,32,2010,0.000325,0.000325052821083426,0.325
Female,33,2010,0.00035499999999999996,0.00035506302368670437,0.355
Female,34,2010,0.000435,0.0004350946330826955,0.435
Female,35,2010,0.000447,0.0004470999268336474,0.447
Female,36,2010,0.00046600000000000005,0.00046610860330457006,0.466
Female,37,2010,0.000457,0.0004571044483664517,0.457
Female,38,2010,0.000695,0.0006952415964547679,0.695
Female,39,2010,0.00039,0.00039007606483264234,0.39
Female,40,2010,0.000746,0.0007462783618289622,0.746
Female,41,2010,0.000493,0.0004931215544631751,0.493
Female,42,2010,0.001113,0.0011136197293793997,1.113
Female,43,2010,0.000878,0.0008783856112833533,0.878
Female,44,2010,0.001003,0.001003503256883327,1.003
Female,45,2010,0.000843,0.0008433554743324311,0.843
Female,46,2010,0.001276,0.0012768146077197253,1.276
Female,47,2010,0.001435,0.0014360303517774004,1.435
Female,48,2010,0.001435,0.0014360303517774004,1.435
Female,49,2010,0.001861,0.0018627332733108157,1.861
Female,50,2010,0.002089,0.0020911842419407073,2.089
Female,51,2010,0.002343,0.002345748043833351,2.343
Female,52,2010,0.002523,0.0025261867846288096,2.523
Female,53,2010,0.002812,0.0028159592386895974,2.812
Female,54,2010,0.0026680000000000002,0.0026715638661975074,2.668
Female,55,2010,0.003088,0.0030927752449782463,3.088
Female,56,2010,0.003226,0.0032312119448670708,3.226
Female,57,2010,0.003745,0.003752025668063449,3.745
Female,58,2010,0.004416000000000001,0.004425772104807415,4.416
Female,59,2010,0.004307,0.004316295141587409,4.307
Female,60,2010,0.005097000000000001,0.005110022893343687,5.097
Female,61,2010,0.005315,0.005329162248675856,5.315
Female,62,2010,0.006173,0.006192111953544615,6.173
Female,63,2010,0.0062039999999999994,0.006223304691151953,6.204
Female,64,2010,0.007322,0.0073489043387842895,7.322
Female,65,2010,0.008919999999999999,0.00895996142796874,8.92
Female,66,2010,0.00819,0.008223675953027648,8.19
Female,67,2010,0.009744999999999998,0.009792715003856287,9.745
Female,68,2010,0.010565,0.010621105992404878,10.565
Female,69,2010,0.010115,0.010166416652218596,10.115
Female,70,2010,0.011962,0.012033975205705325,11.962
Female,71,2010,0.01297,0.013054659466641168,12.97
Female,72,2010,0.015238,0.01535498966626729,15.238
Female,73,2010,0.018515,0.01868800419887105,18.515
Female,74,2010,0.018693,0.018869362496574234,18.693
Female,75,2010,0.021869,0.0221107702169371,21.869
Female,76,2010,0.024445,0.02474747602572442,24.445
Female,77,2010,0.025625,0.025957581513137068,25.625
Female,78,2010,0.028763,0.02918269086872862,28.763
Female,79,2010,0.03432,0.034919213707215825,34.32
Female,80,2010,0.040544,0.04138291444155928,40.544
Female,81,2010,0.044366,0.045372498125927446,44.366
Female,82,2010,0.047363999999999996,0.04851288207325891,47.364
Female,83,2010,0.060576,0.06246803174550794,60.576
Female,84,2010,0.065249,0.06744950642227347,65.249
Female,85,2010,0.076793,0.07985931831570912,76.793
Female,86,2010,0.08049500000000001,0.08387058121755349,80.495
Female,87,2010,0.098163,0.10322966689574344,98.163
Female,88,2010,0.113717,0.12057257580119209,113.717
Female,89,2010,0.123846,0.13202114538571993,123.846
Female,90,2010,0.14532499999999998,0.15671209241511314,145.325
Female,91,2010,0.156358,0.16961861359200972,156.358
Female,92,2010,0.177651,0.19496924024980947,177.651
Female,93,2010,0.201964,0.2246495620777337,201.964
Female,94,2010,0.207781,0.23187010069639927,207.781
Female,95,2010,0.2434,0.2771262666514858,243.4
Female,96,2010,0.285331,0.33281175550499836,285.331
Female,97,2010,0.276147,0.3203834665716856,276.147
Female,98,2010,0.31775400000000004,0.3777735242051401,317.754
Female,99,2010,0.311339,0.3687406767847424,311.339
Female,100,2010,0.397429,0.49598925726223675,397.429
Female,101,2010,0.39988799999999997,0.4998250122491425,399.888
Female,102,2010,0.380061,0.4692287796021949,380.061
Female,103,2010,0.335746,0.4034792766008073,335.746
Female,104,2010,0.353617,0.4295683325204403,353.617
Female,105,2010,0.403174,0.5049692327153992,403.174
Female,106,2010,1.0,2.0,1000.0
Female,0,2011,0.001684,0.0016854191229014831,1.684
Female,1,2011,0.000229,0.00022902622350259107,0.229
Female,2,2011,6.500000000000001e-05,6.50021125686585e-05,0.065
Female,3,2011,0.000166,0.00016601377914366892,0.166
Female,4,2011,0.0001,0.00010000500025001251,0.1
Female,5,2011,6.7e-05,6.700224457519328e-05,0.067
Female,6,2011,6.8e-05,6.800231207861067e-05,0.068
Female,7,2011,3.4e-05,3.4000578009826166e-05,0.034
Female,8,2011,6.900000000000001e-05,6.90023805821301e-05,0.069
Female,9,2011,0.0,0.0,0.0
Female,10,2011,0.00016700000000000002,0.000167013945664463,0.167
Female,11,2011,0.000164,0.00016401344910282645,0.164
Female,12,2011,6.6e-05,6.600217807187637e-05,0.066
Female,13,2011,0.000131,0.00013100858106205958,0.131
Female,14,2011,0.000128,0.00012800819252432156,0.128
Female,15,2011,0.000255,0.00025503251664587233,0.255
Female,16,2011,0.000224,0.00022402509081017073,0.224
Female,17,2011,0.000513,0.0005131316182600838,0.513
Female,18,2011,0.0005759999999999999,0.0005761659357895073,0.576
Female,19,2011,0.000252,0.00025203175600125617,0.252
Female,20,2011,0.00037,0.0003700684626655931,0.37
Female,21,2011,0.000339,0.0003390574702412059,0.339
Female,22,2011,0.00021799999999999999,0.00021802376459034034,0.218
Female,23,2011,0.000158,0.00015801248298615592,0.158
Female,24,2011,0.000194,0.00019401881982552307,0.194
Female,25,2011,0.000357,0.000357063735876854,0.357
Female,26,2011,0.000258,0.00025803328629393194,0.258
Female,27,2011,0.000225,0.00022502531534797663,0.225
Female,28,2011,0.00028599999999999996,0.00028604090384925043,0.286
Female,29,2011,0.000472,0.00047211141829471754,0.472
Female,30,2011,0.000314,0.0003140493057410013,0.314
Female,31,2011,0.00034599999999999995,0.00034605986835722577,0.346
Female,32,2011,0.000537,0.0005371442232239357,0.537
Female,33,2011,0.000449,0.00044910082313479374,0.449
Female,34,2011,0.000477,0.00047711379163930596,0.477
Female,35,2011,0.0004,0.00040008001600320064,0.4
Female,36,2011,0.000502,0.0005021260336344422,0.502
Female,37,2011,0.0005200000000000001,0.000520135235161142,0.52
Female,38,2011,0.000312,0.0003120486795940167,0.312
Female,39,2011,0.000718,0.0007182578545697905,0.718
Female,40,2011,0.0005809999999999999,0.0005811688295449827,0.581
Female,41,2011,0.000741,0.0007412746422549555,0.741
Female,42,2011,0.0005989999999999999,0.0005991794542465468,0.599
Female,43,2011,0.000859,0.0008593690990280324,0.859
Female,44,2011,0.000761,0.0007612896707197088,0.761
Female,45,2011,0.0012569999999999999,0.0012577905213426639,1.257
Female,46,2011,0.0011,0.0011006053329331133,1.1
Female,47,2011,0.00139,0.0013909667218717009,1.39
Female,48,2011,0.001646,0.0016473557738018389,1.646
Female,49,2011,0.0017130000000000001,0.0017144684422207622,1.713
Female,50,2011,0.001606,0.0016072906543954796,1.606
Female,51,2011,0.002436,0.002438970666271519,2.436
Female,52,2011,0.001932,0.001933868116600636,1.932
Female,53,2011,0.002142,0.0021442965415960492,2.142
Female,54,2011,0.00323,0.003235224888194434,3.23
Female,55,2011,0.0031219999999999998,0.0031268810613367466,3.122
Female,56,2011,0.003422,0.003427865077146999,3.422
Female,57,2011,0.0046,0.0046106043900972235,4.6
Female,58,2011,0.003756,0.003763067039900934,3.756
Female,59,2011,0.0045709999999999995,0.0045814709518604765,4.571
Female,60,2011,0.004824,0.004835663620653015,4.824
Female,61,2011,0.005579,0.00559460615386621,5.579
Female,62,2011,0.006012,0.0060301265604406845,6.012
Female,63,2011,0.0060739999999999995,0.006092502931402669,6.074
Female,64,2011,0.006879,0.0069027419810438004,6.879
Female,65,2011,0.006681,0.0067033926832584245,6.681
Female,66,2011,0.00793,0.007961567615595837,7.93
Female,67,2011,0.009210000000000001,0.0092526082610421,9.21
Female,68,2011,0.010065,0.010115908308562842,10.065
Female,69,2011,0.010372,0.010426069596929677,10.372
Female,70,2011,0.011023,0.011084089961824596,11.023
Female,71,2011,0.012003999999999999,0.012076483051273743,12.004
Female,72,2011,0.013925,0.01402263257933361,13.925
Female,73,2011,0.015532,0.01565356559037485,15.532
Female,74,2011,0.017231000000000003,0.01738074379819334,17.231
Female,75,2011,0.019765,0.01996227720447321,19.765
Female,76,2011,0.024321000000000002,0.024620396329565686,24.321
Female,77,2011,0.026096,0.026441002196662046,26.096
Female,78,2011,0.02897,0.02939579813599996,28.97
Female,79,2011,0.034529000000000004,0.035135598541011295,34.529
Female,80,2011,0.038992,0.03976730334603428,38.992
Female,81,2011,0.042405,0.04332356794944817,42.405
Female,82,2011,0.05117,0.0525135594177019,51.17
Female,83,2011,0.056566000000000005,0.05821242192943008,56.566
Female,84,2011,0.062373,0.06438081219966485,62.373
Female,85,2011,0.073215,0.07599706246415662,73.215
Female,86,2011,0.09012600000000001,0.0943790009183852,90.126
Female,87,2011,0.094582,0.09927690407039295,94.582
Female,88,2011,0.10652800000000001,0.1125213364654983,106.528
Female,89,2011,0.12664,0.13520092240679848,126.64
Female,90,2011,0.143873,0.1550249524951687,143.873
Female,91,2011,0.16583699999999998,0.1808312565459013,165.837
Female,92,2011,0.17924299999999999,0.196888437062167,179.243
Female,93,2011,0.200177,0.2224407622305082,200.177
Female,94,2011,0.213657,0.2392116183734031,213.657
Female,95,2011,0.242847,0.2764096239769673,242.847
Female,96,2011,0.265672,0.3063688068231615,265.672
Female,97,2011,0.29312900000000003,0.3434694244614854,293.129
Female,98,2011,0.266403,0.30734132557912824,266.403
Female,99,2011,0.289634,0.3386807268151963,289.634
Female,100,2011,0.387962,0.48133108524737006,387.962
Female,101,2011,0.354646,0.43108777807085896,354.646
Female,102,2011,0.40119600000000005,0.5018701479355819,401.196
Female,103,2011,0.372505,0.4577648472038316,372.505
Female,104,2011,0.564684,0.786842757971067,564.684
Female,105,2011,0.272004,0.31482017319484534,272.004
Female,106,2011,1.0,2.0,1000.0
Female,0,2012,0.002143,0.002145298687543703,2.143
Female,1,2012,0.000299,0.00029904470718372395,0.299
Female,2,2012,0.000129,0.00012900832103670686,0.129
Female,3,2012,6.500000000000001e-05,6.50021125686585e-05,0.065
Female,4,2012,9.900000000000001e-05,9.900490074258676e-05,0.099
Female,5,2012,6.6e-05,6.600217807187637e-05,0.066
Female,6,2012,3.3e-05,3.30005445089844e-05,0.033
Female,7,2012,6.8e-05,6.800231207861067e-05,0.068
Female,8,2012,0.000102,0.00010200520226531554,0.102
Female,9,2012,0.00013700000000000002,0.00013700938514288232,0.137
Female,10,2012,0.00013700000000000002,0.00013700938514288232,0.137
Female,11,2012,0.000133,0.00013300884508819837,0.133
Female,12,2012,6.500000000000001e-05,6.50021125686585e-05,0.065
Female,13,2012,0.00019600000000000002,0.0001960192098825685,0.196
Female,14,2012,9.7e-05,9.700470472817932e-05,0.097
Female,15,2012,0.000127,0.00012700806501212826,0.127
Female,16,2012,0.000221,0.00022102442319876347,0.221
Female,17,2012,0.00015900000000000002,0.00015901264150499966,0.159
Female,18,2012,0.000127,0.00012700806501212826,0.127
Female,19,2012,0.000126,0.00012600793850012552,0.126
Female,20,2012,0.000279,0.00027903892593016724,0.279
Female,21,2012,0.000212,0.00021202247438228454,0.212
Female,22,2012,0.000211,0.00021102226284873055,0.211
Female,23,2012,9.1e-05,9.100414068840133e-05,0.091
Female,24,2012,0.000184,0.0001840169295575193,0.184
Female,25,2012,0.00021799999999999999,0.00021802376459034034,0.218
Female,26,2012,0.000376,0.00037607070129184284,0.376
Female,27,2012,0.000156,0.00015601216894917805,0.156
Female,28,2012,0.00025,0.00025003125390673836,0.25
Female,29,2012,0.000248,0.0002480307558137209,0.248
Female,30,2012,0.000308,0.0003080474393056531,0.308
Female,31,2012,0.00034,0.00034005780982767074,0.34
Female,32,2012,0.000248,0.0002480307558137209,0.248
Female,33,2012,0.000187,0.0001870174861349536,0.187
Female,34,2012,0.000348,0.0003480605625378816,0.348
Female,35,2012,0.00034599999999999995,0.00034605986835722577,0.346
Female,36,2012,0.00048699999999999997,0.00048711861338235856,0.487
Female,37,2012,0.000644,0.0006442074347940037,0.644
Female,38,2012,0.000516,0.0005161331623558877,0.516
Female,39,2012,0.000422,0.0004220890607918271,0.422
Female,40,2012,0.000467,0.0004671090699678375,0.467
Female,41,2012,0.000852,0.0008523631066834472,0.852
Female,42,2012,0.000874,0.0008743821049798762,0.874
Female,43,2012,0.000949,0.0009494505142690207,0.949
Female,44,2012,0.000772,0.0007722981070693288,0.772
Female,45,2012,0.0008990000000000001,0.0008994042822248602,0.899
Female,46,2012,0.001452,0.001453054917870374,1.452
Female,47,2012,0.001414,0.0014150004052865374,1.414
Female,48,2012,0.001387,0.0013879625520298326,1.387
Female,49,2012,0.0016120000000000002,0.001613300320057967,1.612
Female,50,2012,0.001865,0.0018667407357360738,1.865
Female,51,2012,0.0017620000000000001,0.0017635536908015964,1.762
Female,52,2012,0.0018340000000000001,0.0018356833216059128,1.834
Female,53,2012,0.002312,0.0023146757651845533,2.312
Female,54,2012,0.0029100000000000003,0.002914240219519401,2.91
Female,55,2012,0.002915,0.0029192548138912465,2.915
Female,56,2012,0.0038669999999999998,0.0038744913289845916,3.867
Female,57,2012,0.0031019999999999997,0.0031068186757661127,3.102
Female,58,2012,0.003211,0.003216163550580457,3.211
Female,59,2012,0.004142000000000001,0.004150595884075922,4.142
Female,60,2012,0.005259000000000001,0.005272864998513592,5.259
Female,61,2012,0.00452,0.004530238338645338,4.52
Female,62,2012,0.005787,0.005803793275843653,5.787
Female,63,2012,0.005906,0.005923492072088878,5.906
Female,64,2012,0.007011999999999999,0.007036670567007929,7.012
Female,65,2012,0.00777,0.0078003041817460836,7.77
Female,66,2012,0.008064,0.008096645675363064,8.064
Female,67,2012,0.009143,0.00918498917802735,9.143
Female,68,2012,0.011125,0.011187228961096097,11.125
Female,69,2012,0.011141,0.011203408587536875,11.141
Female,70,2012,0.011869,0.01193985708185225,11.869
Female,71,2012,0.014402,0.014506461025847125,14.402
Female,72,2012,0.016139,0.01627029313041589,16.139
Female,73,2012,0.016285,0.016418689176620635,16.285
Female,74,2012,0.01914,0.019324939672667428,19.14
Female,75,2012,0.021408999999999997,0.02164065236322211,21.409
Female,76,2012,0.022293,0.022544289927678873,22.293
Female,77,2012,0.025807,0.02614435366754922,25.807
Female,78,2012,0.03137,0.03186987905294545,31.37
Female,79,2012,0.033049999999999996,0.033605328045959476,33.05
Female,80,2012,0.037045,0.03774411537707181,37.045
Female,81,2012,0.044952,0.045985571709748305,44.952
Female,82,2012,0.050365,0.05166608108697269,50.365
Female,83,2012,0.062505,0.06452145682956602,62.505
Female,84,2012,0.062888,0.06492964784689786,62.888
Female,85,2012,0.07257,0.07530234561047612,72.57
Female,86,2012,0.087642,0.09165857020495116,87.642
Female,87,2012,0.095146,0.0998984699089799,95.146
Female,88,2012,0.113199,0.11999039644350411,113.199
Female,89,2012,0.119733,0.12735744444804914,119.733
Female,90,2012,0.154562,0.16750711755149728,154.562
Female,91,2012,0.15372300000000003,0.16652214158547177,153.723
Female,92,2012,0.191977,0.21236123655506597,191.977
Female,93,2012,0.194145,0.2150172632907958,194.145
Female,94,2012,0.227292,0.2564347879064121,227.292
Female,95,2012,0.251671,0.2878989023233041,251.671
Female,96,2012,0.28375900000000004,0.3306750042680487,283.759
Female,97,2012,0.309819,0.3666104399469643,309.819
Female,98,2012,0.32784800000000003,0.3921270315138815,327.848
Female,99,2012,0.347939,0.4212181027213886,347.939
Female,100,2012,0.373123,0.45869847566841254,373.123
Female,101,2012,0.401004,0.5015697350087179,401.004
Female,102,2012,0.462088,0.6009290518573235,462.088
Female,103,2012,0.491822,0.6522068350022344,491.822
Female,104,2012,0.313445,0.3716985215424341,313.445
Female,105,2012,0.29593,0.3473214128527584,295.93
Female,106,2012,1.0,2.0,1000.0
Female,0,2013,0.0027,0.0027036499274019927,2.7
Female,1,2013,0.000268,0.0002680359168128529,0.268
Female,2,2013,6.500000000000001e-05,6.50021125686585e-05,0.065
Female,3,2013,0.000128,0.00012800819252432156,0.128
Female,4,2013,6.4e-05,6.40020480655381e-05,0.064
Female,5,2013,9.800000000000001e-05,9.800480223530953e-05,0.098
Female,6,2013,3.3e-05,3.30005445089844e-05,0.033
Female,7,2013,6.7e-05,6.700224457519328e-05,0.067
Female,8,2013,6.7e-05,6.700224457519328e-05,0.067
Female,9,2013,6.7e-05,6.700224457519328e-05,0.067
Female,10,2013,6.8e-05,6.800231207861067e-05,0.068
Female,11,2013,6.8e-05,6.800231207861067e-05,0.068
Female,12,2013,0.0,0.0,0.0
Female,13,2013,3.2e-05,3.200051200819213e-05,0.032
Female,14,2013,3.3e-05,3.30005445089844e-05,0.033
Female,15,2013,6.500000000000001e-05,6.50021125686585e-05,0.065
Female,16,2013,6.3e-05,6.300198456251371e-05,0.063
Female,17,2013,0.000251,0.00025103150445380894,0.251
Female,18,2013,0.00028399999999999996,0.00028404033372738925,0.284
Female,19,2013,0.000315,0.0003150496203151997,0.315
Female,20,2013,0.000219,0.0002190239831261523,0.219
Female,21,2013,0.000245,0.00024503001617698166,0.245
Female,22,2013,0.000208,0.00020802163424996198,0.208
Female,23,2013,0.000206,0.00020602122018567912,0.206
Female,24,2013,0.000236,0.00023602785128645177,0.236
Female,25,2013,0.00026700000000000004,0.00026703564925917615,0.267
Female,26,2013,0.00018099999999999998,0.0001810163819825694,0.181
Female,27,2013,0.000182,0.00018201656350727916,0.182
Female,28,2013,0.000304,0.0003040462150246838,0.304
Female,29,2013,0.000152,0.00015201155287801872,0.152
Female,30,2013,0.000273,0.0002730372695872987,0.273
Female,31,2013,0.000273,0.0002730372695872987,0.273
Female,32,2013,0.000335,0.00033505612190041833,0.335
Female,33,2013,0.00042699999999999997,0.0004270911839677771,0.427
Female,34,2013,0.00036899999999999997,0.00036906809306317014,0.369
Female,35,2013,0.00053,0.0005301404872291157,0.53
Female,36,2013,0.000622,0.0006221935021791777,0.622
Female,37,2013,0.000453,0.0004531026277451843,0.453
Female,38,2013,0.000493,0.0004931215544631751,0.493
Female,39,2013,0.000597,0.0005971782577099264,0.597
Female,40,2013,0.000782,0.0007823058815997055,0.782
Female,41,2013,0.000819,0.0008193355178945777,0.819
Female,42,2013,0.000739,0.0007392731614331495,0.739
Female,43,2013,0.000598,0.0005981788554777879,0.598
Female,44,2013,0.0011339999999999998,0.0011346433427753535,1.134
Female,45,2013,0.00099,0.000990490292694884,0.99
Female,46,2013,0.001206,0.0012067276567770367,1.206
Female,47,2013,0.0014199999999999998,0.0014210089163305946,1.42
Female,48,2013,0.001181,0.0011816977925464987,1.181
Female,49,2013,0.001532,0.001533174411599285,1.532
Female,50,2013,0.001824,0.0018256650064859153,1.824
Female,51,2013,0.002144,0.0021463008344945783,2.144
Female,52,2013,0.002673,0.0026765772454885955,2.673
Female,53,2013,0.001961,0.0019629246476169887,1.961
Female,54,2013,0.00285,0.0028540670455398944,2.85
Female,55,2013,0.00352,0.003526206122776086,3.52
Female,56,2013,0.002985,0.0029894617716942533,2.985
Female,57,2013,0.0031349999999999998,0.003139921827464551,3.135
Female,58,2013,0.002978,0.0029824408544322496,2.978
Female,59,2013,0.004894999999999999,0.004907009906746762,4.895
Female,60,2013,0.0045,0.0045101478326234025,4.5
Female,61,2013,0.004714,0.004725137148258445,4.714
Female,62,2013,0.006021,0.006039180954262808,6.021
Female,63,2013,0.006425,0.00644570683320166,6.425
Female,64,2013,0.006584,0.006605746116214578,6.584
Female,65,2013,0.006609,0.006630911848202386,6.609
Female,66,2013,0.008739,0.00877735264237084,8.739
Female,67,2013,0.009125,0.009166823632824762,9.125
Female,68,2013,0.010619,0.01067568253642716,10.619
Female,69,2013,0.01104,0.011101279060413482,11.04
Female,70,2013,0.010893,0.01095265362798482,10.893
Female,71,2013,0.012731999999999999,0.012813571194222419,12.732
Female,72,2013,0.015816,0.015942069888679678,15.816
Female,73,2013,0.015061999999999999,0.01517629266002263,15.062
Female,74,2013,0.018348,0.01851788305918496,18.348
Female,75,2013,0.021472,0.021705025150010514,21.472
Female,76,2013,0.023291,0.023565431229381765,23.291
Female,77,2013,0.023382,0.0236585926061586,23.382
Female,78,2013,0.030396999999999997,0.03086611870514007,30.397
Female,79,2013,0.033258,0.033820399421988244,33.258
Female,80,2013,0.037994999999999994,0.038730788147838556,37.995
Female,81,2013,0.044925,0.04595731621549046,44.925
Female,82,2013,0.047989,0.04916878029888151,47.989
Female,83,2013,0.048555999999999995,0.04976417463170862,48.556
Female,84,2013,0.062748,0.0647804209261366,62.748
Female,85,2013,0.077072,0.08016108767462952,77.072
Female,86,2013,0.085463,0.08927798209175378,85.463
Female,87,2013,0.09517199999999999,0.09992713252850126,95.172
Female,88,2013,0.10440600000000001,0.11015649975680447,104.406
Female,89,2013,0.122018,0.12994586742577938,122.018
Female,90,2013,0.13587,0.14577309522404552,135.87
Female,91,2013,0.156155,0.16937974721302496,156.155
Female,92,2013,0.16820400000000002,0.1836492709886909,168.204
Female,93,2013,0.19463399999999997,0.21561722110641274,194.634
Female,94,2013,0.216784,0.24313824012346236,216.784
Female,95,2013,0.25200100000000003,0.2883308285645473,252.001
Female,96,2013,0.256672,0.29446208630848586,256.672
Female,97,2013,0.29980599999999996,0.3526726949983354,299.806
Female,98,2013,0.311992,0.3696570158435268,311.992
Female,99,2013,0.314446,0.37310700220817605,314.446
Female,100,2013,0.34245600000000004,0.41320894045648265,342.456
Female,101,2013,0.366517,0.44875520590052054,366.517
Female,102,2013,0.435282,0.5563711799825911,435.282
Female,103,2013,0.279543,0.32496365791182225,279.543
Female,104,2013,0.49486399999999997,0.6575671567220503,494.864
Female,105,2013,0.5628970000000001,0.7833773918779657,562.897
Female,106,2013,1.0,2.0,1000.0
Female,0,2014,0.002213,0.002215451396970748,2.213
Female,1,2014,6.7e-05,6.700224457519328e-05,0.067
Female,2,2014,9.900000000000001e-05,9.900490074258676e-05,0.099
Female,3,2014,3.2e-05,3.200051200819213e-05,0.032
Female,4,2014,0.000127,0.00012700806501212826,0.127
Female,5,2014,6.4e-05,6.40020480655381e-05,0.064
Female,6,2014,3.3e-05,3.30005445089844e-05,0.033
Female,7,2014,3.3e-05,3.30005445089844e-05,0.033
Female,8,2014,9.900000000000001e-05,9.900490074258676e-05,0.099
Female,9,2014,3.3e-05,3.30005445089844e-05,0.033
Female,10,2014,0.0,0.0,0.0
Female,11,2014,3.4e-05,3.4000578009826166e-05,0.034
Female,12,2014,3.4e-05,3.4000578009826166e-05,0.034
Female,13,2014,9.900000000000001e-05,9.900490074258676e-05,0.099
Female,14,2014,3.2e-05,3.200051200819213e-05,0.032
Female,15,2014,0.000162,0.0001620131230629681,0.162
Female,16,2014,0.000128,0.00012800819252432156,0.128
Female,17,2014,0.000157,0.0001570123254675492,0.157
Female,18,2014,0.000156,0.00015601216894917805,0.156
Female,19,2014,0.000157,0.0001570123254675492,0.157
Female,20,2014,9.3e-05,9.300432470109859e-05,0.093
Female,21,2014,0.000154,0.00015401185891313632,0.154
Female,22,2014,0.00027,0.00027003645492141437,0.27
Female,23,2014,0.00032,0.00032005120819331097,0.32
Female,24,2014,0.00017199999999999998,0.00017201479327222139,0.172
Female,25,2014,0.000258,0.00025803328629393194,0.258
Female,26,2014,0.000289,0.0002890417665352643,0.289
Female,27,2014,0.000147,0.00014701080529418912,0.147
Female,28,2014,0.000118,0.00011800696241078223,0.118
Female,29,2014,0.00011899999999999999,0.00011900708092131481,0.119
Female,30,2014,0.00023899999999999998,0.00023902856391338765,0.239
Female,31,2014,0.000419,0.0004190877988938682,0.419
Female,32,2014,0.000359,0.0003590644520691464,0.359
Female,33,2014,0.00027100000000000003,0.0002710367254763021,0.271
Female,34,2014,0.000453,0.0004531026277451843,0.453
Female,35,2014,0.00027400000000000005,0.0002740375431434107,0.274
Female,36,2014,0.00034,0.00034005780982767074,0.34
Female,37,2014,0.000647,0.0006472093722319171,0.647
Female,38,2014,0.000419,0.0004190877988938682,0.419
Female,39,2014,0.00040300000000000004,0.00040308122086600453,0.403
Female,40,2014,0.000424,0.00042408990706029677,0.424
Female,41,2014,0.0006670000000000001,0.0006672225187099899,0.667
Female,42,2014,0.000679,0.0006792305987882887,0.679
Female,43,2014,0.0006810000000000001,0.0006812319594822038,0.681
Female,44,2014,0.000894,0.000894399796709129,0.894
Female,45,2014,0.0009699999999999999,0.0009704706782789652,0.97
Female,46,2014,0.001016,0.0010165163903262857,1.016
Female,47,2014,0.001315,0.001315865181356742,1.315
Female,48,2014,0.001247,0.001247777989576501,1.247
Female,49,2014,0.00184,0.0018416943588101054,1.84
Female,50,2014,0.001972,0.0019739463110627076,1.972
Female,51,2014,0.0022480000000000004,0.0022505295952650784,2.248
Female,52,2014,0.002145,0.0021473029824486765,2.145
Female,53,2014,0.002391,0.0023938618618558486,2.391
Female,54,2014,0.002721,0.002724706963824283,2.721
Female,55,2014,0.003076,0.0030807381753136325,3.076
Female,56,2014,0.003079,0.003083747429167203,3.079
Female,57,2014,0.003282,0.003287394614562497,3.282
Female,58,2014,0.00337,0.0033756880343378598,3.37
Female,59,2014,0.003881,0.0038885457229754336,3.881
Female,60,2014,0.004543999999999999,0.004554347477468809,4.544
Female,61,2014,0.0044480000000000006,0.004457914401629224,4.448
Female,62,2014,0.005516,0.0055312552018466936,5.516
Female,63,2014,0.00533,0.005344242406012022,5.33
Female,64,2014,0.006284,0.006303806560212186,6.284
Female,65,2014,0.007128,0.007153495056380942,7.128
Female,66,2014,0.008764,0.008802572874335337,8.764
Female,67,2014,0.008505,0.00854132197168459,8.505
Female,68,2014,0.009276999999999999,0.009320231895647962,9.277
Female,69,2014,0.010451,0.010505898572993177,10.451
Female,70,2014,0.010938,0.01099814887620396,10.938
Female,71,2014,0.012567,0.01264646405690154,12.567
Female,72,2014,0.01342,0.013510656505149553,13.42
Female,73,2014,0.014542,0.014648509311201747,14.542
Female,74,2014,0.015797000000000002,0.015922765966990274,15.797
Female,75,2014,0.018851,0.01903037075959456,18.851
Female,76,2014,0.022728,0.022989249835126378,22.728
Female,77,2014,0.024875,0.025188279222834,24.875
Female,78,2014,0.027524,0.02790807087133126,27.524
Female,79,2014,0.031762,0.032274552162899,31.762
Female,80,2014,0.034609,0.035218437450868556,34.609
Female,81,2014,0.044031,0.04502218593443966,44.031
Female,82,2014,0.043045,0.04399181381278568,43.045
Female,83,2014,0.056797,0.05845709377764444,56.797
Female,84,2014,0.062745,0.0647772234424482,62.745
Female,85,2014,0.072321,0.07503427697246273,72.321
Female,86,2014,0.077977,0.08114054826607174,77.977
Female,87,2014,0.08903900000000001,0.09318766840348915,89.039
Female,88,2014,0.102883,0.10846247226712954,102.883
Female,89,2014,0.11748099999999999,0.12481255169270535,117.481
Female,90,2014,0.13248500000000002,0.1418837331962528,132.485
Female,91,2014,0.157433,0.1708844237414433,157.433
Female,92,2014,0.166966,0.1821744713955115,166.966
Female,93,2014,0.19261799999999998,0.21314586512425152,192.618
Female,94,2014,0.202573,0.22540331262410102,202.573
Female,95,2014,0.227325,0.25647679354647634,227.325
Female,96,2014,0.239568,0.2721695583811246,239.568
Female,97,2014,0.293075,0.3433952868462293,293.075
Female,98,2014,0.31385700000000005,0.37227803335778764,313.857
Female,99,2014,0.30617500000000003,0.36151904712706456,306.175
Female,100,2014,0.37573399999999996,0.46265082197127805,375.734
Female,101,2014,0.36334500000000003,0.4440092750151987,363.345
Female,102,2014,0.39817899999999995,0.4971579221398644,398.179
Female,103,2014,0.419927,0.5315286065896955,419.927
Female,104,2014,0.435282,0.5563711799825911,435.282
Female,105,2014,0.18403999999999998,0.20269168924425646,184.04
Female,106,2014,1.0,2.0,1000.0
Female,0,2015,0.0020459999999999996,0.0020480952013910226,2.046
Female,1,2015,0.000205,0.00020502101465400203,0.205
Female,2,2015,0.000134,0.0001340089786015663,0.134
Female,3,2015,3.3e-05,3.30005445089844e-05,0.033
Female,4,2015,3.2e-05,3.200051200819213e-05,0.032
Female,5,2015,6.3e-05,6.300198456251371e-05,0.063
Female,6,2015,0.0,0.0,0.0
Female,7,2015,0.0,0.0,0.0
Female,8,2015,0.0,0.0,0.0
Female,9,2015,0.0,0.0,0.0
Female,10,2015,0.0,0.0,0.0
Female,11,2015,6.6e-05,6.600217807187637e-05,0.066
Female,12,2015,0.000101,0.00010100510075758825,0.101
Female,13,2015,0.000134,0.0001340089786015663,0.134
Female,14,2015,3.3e-05,3.30005445089844e-05,0.033
Female,15,2015,6.4e-05,6.40020480655381e-05,0.064
Female,16,2015,9.6e-05,9.600460822119463e-05,0.096
Female,17,2015,9.5e-05,9.500451271435394e-05,0.095
Female,18,2015,0.000249,0.0002490310043600428,0.249
Female,19,2015,0.000186,0.00018601729960886362,0.186
Female,20,2015,0.000155,0.0001550120134310409,0.155
Female,21,2015,0.000154,0.00015401185891313632,0.154
Female,22,2015,0.000243,0.00024302952808766265,0.243
Female,23,2015,0.000236,0.00023602785128645177,0.236
Female,24,2015,0.000257,0.00025703302874419365,0.257
Female,25,2015,0.000252,0.00025203175600125617,0.252
Female,26,2015,0.00033600000000000004,0.00033605645748485745,0.336
Female,27,2015,0.00047999999999999996,0.0004801152276546371,0.48
Female,28,2015,0.00023,0.00023002645304209983,0.23
Female,29,2015,0.00029099999999999997,0.00029104234666143923,0.291
Female,30,2015,0.00029299999999999997,0.0002930429307893606,0.293
Female,31,2015,0.000325,0.000325052821083426,0.325
Female,32,2015,0.000356,0.0003560633792815121,0.356
Female,33,2015,0.000296,0.00029604381448454373,0.296
Female,34,2015,0.00023899999999999998,0.00023902856391338765,0.239
Female,35,2015,0.000389,0.0003890756752188301,0.389
Female,36,2015,0.000513,0.0005131316182600838,0.513
Female,37,2015,0.00046,0.0004601058243395981,0.46
Female,38,2015,0.00045900000000000004,0.0004591053646811944,0.459
Female,39,2015,0.000536,0.0005361436865079841,0.536
Female,40,2015,0.0006879999999999999,0.0006882367534431844,0.688
Female,41,2015,0.000674,0.0006742272145713106,0.674
Female,42,2015,0.000443,0.000443098146239392,0.443
Female,43,2015,0.0005679999999999999,0.0005681613578256224,0.568
Female,44,2015,0.00095,0.0009504514644456117,0.95
Female,45,2015,0.0009459999999999999,0.0009464476697477905,0.946
Female,46,2015,0.001453,0.0014540563719542248,1.453
Female,47,2015,0.0009310000000000001,0.0009314335823325759,0.931
Female,48,2015,0.000978,0.0009784784759747514,0.978
Female,49,2015,0.0014730000000000001,0.0014740856640916037,1.473
Female,50,2015,0.001609,0.0016102954827158448,1.609
Female,51,2015,0.0018839999999999998,0.0018857764013700904,1.884
Female,52,2015,0.00161,0.0016112970941607994,1.61
Female,53,2015,0.002084,0.0020861737930924023,2.084
Female,54,2015,0.0025510000000000003,0.0025542579560229074,2.551
Female,55,2015,0.003169,0.003174029249345588,3.169
Female,56,2015,0.003369,0.0033746846563035434,3.369
Female,57,2015,0.0031179999999999997,0.003122868552072681,3.118
Female,58,2015,0.003485,0.003491083212497777,3.485
Female,59,2015,0.003671,0.003677750511063056,3.671
Female,60,2015,0.004295,0.004304243362621229,4.295
Female,61,2015,0.005103,0.005116053610787925,5.103
Female,62,2015,0.0055,0.0055151667084482325,5.5
Female,63,2015,0.005188,0.005201492671991145,5.188
Female,64,2015,0.00598,0.005997933822128164,5.98
Female,65,2015,0.006035,0.0060532657293382785,6.035
Female,66,2015,0.007073,0.007098102439276502,7.073
Female,67,2015,0.007702,0.007731775065778312,7.702
Female,68,2015,0.009129,0.009170860392260472,9.129
Female,69,2015,0.01052,0.010575627802239782,10.52
Female,70,2015,0.011303,0.011367241967982052,11.303
Female,71,2015,0.01368,0.013774215634943009,13.68
Female,72,2015,0.013579,0.013671824854852018,13.579
Female,73,2015,0.014506999999999999,0.01461299536185723,14.507
Female,74,2015,0.016795,0.016937230392218658,16.795
Female,75,2015,0.019364999999999997,0.0195543348471576,19.365
Female,76,2015,0.021207,0.021434278370703757,21.207
Female,77,2015,0.02496,0.025275437459494492,24.96
Female,78,2015,0.027221,0.027596603572929354,27.221
Female,79,2015,0.034397,0.03499892908181357,34.397
Female,80,2015,0.036835,0.037526137639984414,36.835
Female,81,2015,0.042565,0.04349058844865857,42.565
Female,82,2015,0.047901000000000006,0.04907640442416087,47.901
Female,83,2015,0.053342,0.05480366864647,53.342
Female,84,2015,0.057004,0.05867639459885661,57.004
Female,85,2015,0.06836199999999999,0.07078137829137757,68.362
Female,86,2015,0.081039,0.08446133089729287,81.039
Female,87,2015,0.089601,0.09380344106126522,89.601
Female,88,2015,0.102243,0.10775141390599535,102.243
Female,89,2015,0.121047,0.12884516004391808,121.047
Female,90,2015,0.139259,0.1496812291447332,139.259
Female,91,2015,0.156425,0.16969746281002943,156.425
Female,92,2015,0.17643999999999999,0.19351159270876744,176.44
Female,93,2015,0.198948,0.22092421540299784,198.948
Female,94,2015,0.20727099999999998,0.2312351727450161,207.271
Female,95,2015,0.230637,0.26070060242019305,230.637
Female,96,2015,0.265988,0.3067891110326803,265.988
Female,97,2015,0.29097199999999995,0.34051168266406395,290.972
Female,98,2015,0.307524,0.36340131263308906,307.524
Female,99,2015,0.325815,0.3892222185720216,325.815
Female,100,2015,0.324151,0.38684988922032953,324.151
Female,101,2015,0.333856,0.40075287610194554,333.856
Female,102,2015,0.380807,0.47036641092198395,380.807
Female,103,2015,0.391252,0.4864055775049914,391.252
Female,104,2015,0.46091699999999997,0.5989501540852572,460.917
Female,105,2015,0.38421,0.4755692261989491,384.21
Female,106,2015,1.0,2.0,1000.0
Female,0,2016,0.001983,0.0019849680958670523,1.983
Female,1,2016,0.00023999999999999998,0.00024002880345641475,0.24
Female,2,2016,0.000203,0.00020302060659156904,0.203
Female,3,2016,6.6e-05,6.600217807187637e-05,0.066
Female,4,2016,0.0,0.0,0.0
Female,5,2016,3.2e-05,3.200051200819213e-05,0.032
Female,6,2016,6.3e-05,6.300198456251371e-05,0.063
Female,7,2016,6.3e-05,6.300198456251371e-05,0.063
Female,8,2016,0.0,0.0,0.0
Female,9,2016,3.2e-05,3.200051200819213e-05,0.032
Female,10,2016,6.500000000000001e-05,6.50021125686585e-05,0.065
Female,11,2016,6.6e-05,6.600217807187637e-05,0.066
Female,12,2016,3.3e-05,3.30005445089844e-05,0.033
Female,13,2016,6.7e-05,6.700224457519328e-05,0.067
Female,14,2016,0.0001,0.00010000500025001251,0.1
Female,15,2016,0.00026000000000000003,0.0002600338043945713,0.26
Female,16,2016,0.00015900000000000002,0.00015901264150499966,0.159
Female,17,2016,0.000223,0.00022302486727270092,0.223
Female,18,2016,0.000189,0.00018901786218797678,0.189
Female,19,2016,0.000217,0.00021702354705485543,0.217
Female,20,2016,0.00046100000000000004,0.00046110628499869226,0.461
Female,21,2016,9.2e-05,9.200423219468096e-05,0.092
Female,22,2016,0.000182,0.00018201656350727916,0.182
Female,23,2016,0.00020899999999999998,0.00020902184278257074,0.209
Female,24,2016,0.000203,0.00020302060659156904,0.203
Female,25,2016,0.00019600000000000002,0.0001960192098825685,0.196
Female,26,2016,0.000303,0.0003030459114555855,0.303
Female,27,2016,0.000303,0.0003030459114555855,0.303
Female,28,2016,0.00027800000000000004,0.0002780386473719847,0.278
Female,29,2016,0.00022700000000000002,0.0002270257674246027,0.227
Female,30,2016,0.000259,0.00025903354484405733,0.259
Female,31,2016,0.000406,0.00040608243473425103,0.406
Female,32,2016,0.000412,0.00041208488948723436,0.412
Female,33,2016,0.00035299999999999996,0.00035306231549868546,0.353
Female,34,2016,0.00029499999999999996,0.0002950435189190405,0.295
Female,35,2016,0.000356,0.0003560633792815121,0.356
Female,36,2016,0.000475,0.00047511283929933357,0.475
Female,37,2016,0.00033,0.00033005445898573265,0.33
Female,38,2016,0.000518,0.0005181341967569601,0.518
Female,39,2016,0.000579,0.0005791676690401872,0.579
Female,40,2016,0.000415,0.00041508613037205224,0.415
Female,41,2016,0.000656,0.0006562152385982602,0.656
Female,42,2016,0.0009519999999999999,0.0009524533678030743,0.952
Female,43,2016,0.000662,0.0006622191945533972,0.662
Female,44,2016,0.000728,0.0007282650884922112,0.728
Female,45,2016,0.000758,0.0007582873909211591,0.758
Female,46,2016,0.001106,0.0011066119564118958,1.106
Female,47,2016,0.001155,0.0011556673979223001,1.155
Female,48,2016,0.00123,0.0012307569155030344,1.23
Female,49,2016,0.0010329999999999998,0.0010335338202181426,1.033
Female,50,2016,0.001472,0.0014730841899638133,1.472
Female,51,2016,0.001983,0.0019849680958670523,1.983
Female,52,2016,0.0021190000000000002,0.002121247461685656,2.119
Female,53,2016,0.002006,0.002008014038080194,2.006
Female,54,2016,0.0024590000000000002,0.002462027062273065,2.459
Female,55,2016,0.00309,0.00309478143732066,3.09
Female,56,2016,0.002606,0.0026094000482628863,2.606
Female,57,2016,0.0032170000000000002,0.003222182881164353,3.217
Female,58,2016,0.0037389999999999997,0.0037460031528943356,3.739
Female,59,2016,0.003689,0.003695816934335382,3.689
Female,60,2016,0.004335,0.0043444165228131975,4.335
Female,61,2016,0.00478,0.004791451569250509,4.78
Female,62,2016,0.005128,0.0051411819906239595,5.128
Female,63,2016,0.005703000000000001,0.0057193086084971305,5.703
Female,64,2016,0.006404,0.006424571477872147,6.404
Female,65,2016,0.006898,0.006921873541845826,6.898
Female,66,2016,0.008069000000000002,0.008101686253188491,8.069
Female,67,2016,0.008282,0.008316438371295533,8.282
Female,68,2016,0.009372,0.009416123956861854,9.372
Female,69,2016,0.011582,0.011649462034642616,11.582
Female,70,2016,0.010736,0.010793941880011905,10.736
Female,71,2016,0.012661,0.01274166108550177,12.661
Female,72,2016,0.012464000000000001,0.012542162758309787,12.464
Female,73,2016,0.015244,0.015361082168286681,15.244
Female,74,2016,0.017304,0.017455020840310365,17.304
Female,75,2016,0.018065,0.018229659398517107,18.065
Female,76,2016,0.020377,0.020586748082842037,20.377
Female,77,2016,0.024545,0.024849971272441033,24.545
Female,78,2016,0.030213999999999998,0.030677444148755242,30.214
Female,79,2016,0.032323,0.032853969426892726,32.323
Female,80,2016,0.035802999999999995,0.0364556101042818,35.803
Female,81,2016,0.040877000000000004,0.04172989648939858,40.877
Female,82,2016,0.045481,0.046539327578805835,45.481
Female,83,2016,0.055049999999999995,0.05660813902671019,55.05
Female,84,2016,0.057935,0.0596632965425977,57.935
Female,85,2016,0.065629,0.06785564920069626,65.629
Female,86,2016,0.078944,0.08218812986190928,78.944
Female,87,2016,0.089643,0.0938494742082239,89.643
Female,88,2016,0.10415,0.1098715615686895,104.15
Female,89,2016,0.116402,0.12359537438455552,116.402
Female,90,2016,0.13346100000000002,0.14300370900366938,133.461
Female,91,2016,0.15156299999999998,0.16399044165421917,151.563
Female,92,2016,0.166043,0.18107621934429213,166.043
Female,93,2016,0.19783799999999999,0.21955628850236547,197.838
Female,94,2016,0.2081,0.2322674256375914,208.1
Female,95,2016,0.23213399999999998,0.26261492669693287,232.134
Female,96,2016,0.270637,0.31299039010317675,270.637
Female,97,2016,0.263987,0.3041302110064844,263.987
Female,98,2016,0.314041,0.37253693595158605,314.041
Female,99,2016,0.334603,0.4018297138760307,334.603
Female,100,2016,0.35182100000000005,0.42692086235779014,351.821
Female,101,2016,0.386625,0.47927481211745565,386.625
Female,102,2016,0.43805099999999997,0.5609030768610243,438.051
Female,103,2016,0.430719,0.5489380168370102,430.719
Female,104,2016,0.41434899999999997,0.5226232001871787,414.349
Female,105,2016,0.35882,0.4372707442206217,358.82
Female,106,2016,1.0,2.0,1000.0
Female,0,2017,0.0022389999999999997,0.002241509369739423,2.239
Female,1,2017,6.900000000000001e-05,6.90023805821301e-05,0.069
Female,2,2017,0.000136,0.00013600924862890675,0.136
Female,3,2017,6.7e-05,6.700224457519328e-05,0.067
Female,4,2017,0.000132,0.00013200871257502996,0.132
Female,5,2017,0.000163,0.000163013285582775,0.163
Female,6,2017,6.4e-05,6.40020480655381e-05,0.064
Female,7,2017,3.1e-05,3.1000480507447865e-05,0.031
Female,8,2017,6.3e-05,6.300198456251371e-05,0.063
Female,9,2017,3.2e-05,3.200051200819213e-05,0.032
Female,10,2017,0.0,0.0,0.0
Female,11,2017,3.2e-05,3.200051200819213e-05,0.032
Female,12,2017,6.500000000000001e-05,6.50021125686585e-05,0.065
Female,13,2017,0.000164,0.00016401344910282645,0.164
Female,14,2017,0.000199,0.00019901980247034583,0.199
Female,15,2017,9.900000000000001e-05,9.900490074258676e-05,0.099
Female,16,2017,0.000161,0.00016101296154340426,0.161
Female,17,2017,0.000252,0.00025203175600125617,0.252
Female,18,2017,0.000126,0.00012600793850012552,0.126
Female,19,2017,0.000126,0.00012600793850012552,0.126
Female,20,2017,0.000123,0.0001230075649652454,0.123
Female,21,2017,0.000183,0.00018301674603226197,0.183
Female,22,2017,0.000182,0.00018201656350727916,0.182
Female,23,2017,0.00017999999999999998,0.00018001620145813123,0.18
Female,24,2017,8.8e-05,8.80038721703755e-05,0.088
Female,25,2017,0.000256,0.00025603277219484095,0.256
Female,26,2017,0.000248,0.0002480307558137209,0.248
Female,27,2017,0.00027100000000000003,0.0002710367254763021,0.271
Female,28,2017,0.00019,0.00019001805171491292,0.19
Female,29,2017,0.000358,0.0003580640934727316,0.358
Female,30,2017,0.00039400000000000004,0.0003940776332937589,0.394
Female,31,2017,0.00017199999999999998,0.00017201479327222139,0.172
Female,32,2017,0.00017299999999999998,0.0001730149657945412,0.173
Female,33,2017,0.00038,0.00038007221372060693,0.38
Female,34,2017,0.00029299999999999997,0.0002930429307893606,0.293
Female,35,2017,0.000498,0.0004981240328841882,0.498
Female,36,2017,0.000236,0.00023602785128645177,0.236
Female,37,2017,0.000354,0.00035406266909242934,0.354
Female,38,2017,0.0005380000000000001,0.0005381447609406931,0.538
Female,39,2017,0.000637,0.0006372029491393008,0.637
Female,40,2017,0.000364,0.0003640662600593308,0.364
Female,41,2017,0.0007970000000000001,0.0007973177311158497,0.797
Female,42,2017,0.000853,0.0008533639597288244,0.853
Female,43,2017,0.0008100000000000001,0.0008103281829140803,0.81
Female,44,2017,0.00055,0.0005501512916051915,0.55
Female,45,2017,0.000862,0.0008623716821950261,0.862
Female,46,2017,0.001082,0.0010825856788522592,1.082
Female,47,2017,0.001186,0.0011867037153031747,1.186
Female,48,2017,0.0011,0.0011006053329331133,1.1
Female,49,2017,0.001557,0.0015582130688741186,1.557
Female,50,2017,0.0011149999999999999,0.0011156219592422774,1.115
Female,51,2017,0.001981,0.0019829641259667703,1.981
Female,52,2017,0.001582,0.0015832523526109153,1.582
Female,53,2017,0.0018859999999999999,0.0018877801767066343,1.886
Female,54,2017,0.003012,0.0030165429136279234,3.012
Female,55,2017,0.002556,0.0025592707480159645,2.556
Female,56,2017,0.0027170000000000002,0.002720696065605125,2.717
Female,57,2017,0.00328,0.0032853880363796625,3.28
Female,58,2017,0.003164,0.0031690133791658403,3.164
Female,59,2017,0.003169,0.003174029249345588,3.169
Female,60,2017,0.004089000000000001,0.004097377087455303,4.089
Female,61,2017,0.004091999999999999,0.004100389396705659,4.092
Female,62,2017,0.004934,0.0049462022810272946,4.934
Female,63,2017,0.0052910000000000006,0.0053050344686869115,5.291
Female,64,2017,0.00563,0.005645893189327958,5.63
Female,65,2017,0.006734,0.006756749977173142,6.734
Female,66,2017,0.007719999999999999,0.007749914670628626,7.72
Female,67,2017,0.0081,0.008132938400522115,8.1
Female,68,2017,0.009339,0.009382813045516037,9.339
Female,69,2017,0.010295,0.010348267708027069,10.295
Female,70,2017,0.011633,0.0117010592109002,11.633
Female,71,2017,0.012916,0.012999953701001064,12.916
Female,72,2017,0.01431,0.014413125915928469,14.31
Female,73,2017,0.016815999999999998,0.01695858780627516,16.816
Female,74,2017,0.018172,0.01833862474442787,18.172
Female,75,2017,0.020612,0.020826639345090502,20.612
Female,76,2017,0.021325,0.021554828357360355,21.325
Female,77,2017,0.024007,0.024298669074232553,24.007
Female,78,2017,0.026971,0.02733968938114949,26.971
Female,79,2017,0.029171,0.029602771219623823,29.171
Female,80,2017,0.036603000000000004,0.037285378351907435,36.603
Female,81,2017,0.041886,0.04278198307146571,41.886
Female,82,2017,0.042534,0.04345822609434851,42.534
Female,83,2017,0.047081000000000005,0.04821602944105721,47.081
Female,84,2017,0.060292,0.062166057983985216,60.292
Female,85,2017,0.06754,0.06990054127899155,67.54
Female,86,2017,0.079739,0.08305016870102554,79.739
Female,87,2017,0.090705,0.09501412825152739,90.705
Female,88,2017,0.099797,0.10503825117632168,99.797
Female,89,2017,0.124185,0.13240644733089352,124.185
Female,90,2017,0.13455799999999998,0.14426393315900465,134.558
Female,91,2017,0.15415700000000002,0.16703154060231562,154.157
Female,92,2017,0.16557,0.18051383808594496,165.57
Female,93,2017,0.18522,0.20412391584654888,185.22
Female,94,2017,0.219076,0.24602509708443482,219.076
Female,95,2017,0.255161,0.2924751223465317,255.161
Female,96,2017,0.25659,0.2943541679811404,256.59
Female,97,2017,0.27656400000000003,0.32094490308894563,276.564
Female,98,2017,0.290653,0.3400748940969856,290.653
Female,99,2017,0.311861,0.36947312987852304,311.861
Female,100,2017,0.338335,0.40722407946246686,338.335
Female,101,2017,0.402986,0.5046743485028936,402.986
Female,102,2017,0.343644,0.414939783476499,343.644
Female,103,2017,0.340168,0.40988244593428735,340.168
Female,104,2017,0.40270100000000003,0.5042274489622794,402.701
Female,105,2017,0.45594,0.5905729051979846,455.94
Female,106,2017,1.0,2.0,1000.0
Female,0,2018,0.0021669999999999997,0.002169350491257277,2.167
Female,1,2018,0.00010499999999999999,0.00010500551278942144,0.105
Female,2,2018,3.4e-05,3.4000578009826166e-05,0.034
Female,3,2018,0.0,0.0,0.0
Female,4,2018,6.7e-05,6.700224457519328e-05,0.067
Female,5,2018,9.900000000000001e-05,9.900490074258676e-05,0.099
Female,6,2018,3.2e-05,3.200051200819213e-05,0.032
Female,7,2018,9.6e-05,9.600460822119463e-05,0.096
Female,8,2018,0.0,0.0,0.0
Female,9,2018,0.0,0.0,0.0
Female,10,2018,0.0,0.0,0.0
Female,11,2018,0.000128,0.00012800819252432156,0.128
Female,12,2018,6.500000000000001e-05,6.50021125686585e-05,0.065
Female,13,2018,0.000163,0.000163013285582775,0.163
Female,14,2018,0.000131,0.00013100858106205958,0.131
Female,15,2018,3.3e-05,3.30005445089844e-05,0.033
Female,16,2018,0.000165,0.0001650136136231239,0.165
Female,17,2018,0.000128,0.00012800819252432156,0.128
Female,18,2018,0.00028199999999999997,0.0002820397676072326,0.282
Female,19,2018,0.000157,0.0001570123254675492,0.157
Female,20,2018,3.1e-05,3.1000480507447865e-05,0.031
Female,21,2018,0.000122,0.00012200744245398969,0.122
Female,22,2018,0.00015099999999999998,0.00015101140136080271,0.151
Female,23,2018,0.00015,0.00015001125084381327,0.15
Female,24,2018,0.000207,0.00020702142671766527,0.207
Female,25,2018,0.000289,0.0002890417665352643,0.289
Female,26,2018,0.000112,0.00011200627235125166,0.112
Female,27,2018,0.00019,0.00019001805171491292,0.19
Female,28,2018,0.000321,0.00032105152877036765,0.321
Female,29,2018,0.000296,0.00029604381448454373,0.296
Female,30,2018,0.000328,0.000328053800823335,0.328
Female,31,2018,0.000112,0.00011200627235125166,0.112
Female,32,2018,0.00028399999999999996,0.00028404033372738925,0.284
Female,33,2018,0.000259,0.00025903354484405733,0.259
Female,34,2018,0.00034899999999999997,0.00034906091112899196,0.349
Female,35,2018,0.000321,0.00032105152877036765,0.321
Female,36,2018,0.000467,0.0004671090699678375,0.467
Female,37,2018,0.000439,0.00043909638165577343,0.439
Female,38,2018,0.000588,0.0005881729228393147,0.588
Female,39,2018,0.000357,0.000357063735876854,0.357
Female,40,2018,0.000453,0.0004531026277451843,0.453
Female,41,2018,0.000755,0.0007552851201328502,0.755
Female,42,2018,0.0006770000000000001,0.0006772292420984504,0.677
Female,43,2018,0.000737,0.0007372716846157809,0.737
Female,44,2018,0.00078,0.0007803043186842869,0.78
Female,45,2018,0.001071,0.0010715738277847786,1.071
Female,46,2018,0.000996,0.000996496255135057,0.996
Female,47,2018,0.001081,0.0010815845964743944,1.081
Female,48,2018,0.001024,0.0010245245565729652,1.024
Female,49,2018,0.001368,0.0013689363524650863,1.368
Female,50,2018,0.001638,0.001639342621607096,1.638
Female,51,2018,0.001785,0.0017865945356230434,1.785
Female,52,2018,0.0015580000000000001,0.0015592146281953644,1.558
Female,53,2018,0.0020150000000000003,0.002017032159901101,2.015
Female,54,2018,0.001859,0.0018607295481149729,1.859
Female,55,2018,0.0025,0.0025031289111389237,2.5
Female,56,2018,0.002842,0.0028460442288491946,2.842
Female,57,2018,0.0032930000000000004,0.0032984308664215636,3.293
Female,58,2018,0.003258,0.0032633159416689786,3.258
Female,59,2018,0.003621,0.0036275677113413837,3.621
Female,60,2018,0.0035670000000000003,0.003573373110943368,3.567
Female,61,2018,0.004724,0.004735184505802706,4.724
Female,62,2018,0.005259000000000001,0.005272864998513592,5.259
Female,63,2018,0.005127,0.005140176843337897,5.127
Female,64,2018,0.0061070000000000004,0.006125704839728111,6.107
Female,65,2018,0.006086,0.006104576225454057,6.086
Female,66,2018,0.007617,0.007646120248968195,7.617
Female,67,2018,0.007932999999999999,0.007964591552392564,7.933
Female,68,2018,0.008868000000000001,0.008907495836539216,8.868
Female,69,2018,0.010638,0.010694886099161438,10.638
Female,70,2018,0.011456,0.011521998004570176,11.456
Female,71,2018,0.011737000000000001,0.011806285184605862,11.737
Female,72,2018,0.013635,0.013728594694328584,13.635
Female,73,2018,0.013711000000000001,0.013805644596531523,13.711
Female,74,2018,0.016233,0.01636583328586472,16.233
Female,75,2018,0.018753,0.01893050185060217,18.753
Female,76,2018,0.0198,0.01999798000202,19.8
Female,77,2018,0.022643,0.022902288256495918,22.643
Female,78,2018,0.028345,0.028752494731583363,28.345
Female,79,2018,0.033428,0.03399621269905195,33.428
Female,80,2018,0.033199,0.03375938897732918,33.199
Female,81,2018,0.038823,0.039591531004085814,38.823
Female,82,2018,0.044406999999999995,0.045415380398682134,44.407
Female,83,2018,0.05646,0.058100167735163674,56.46
Female,84,2018,0.057851,0.05957421392488424,57.851
Female,85,2018,0.062811,0.06484757037129574,62.811
Female,86,2018,0.07353900000000001,0.0763462120437424,73.539
Female,87,2018,0.086685,0.09061236649480091,86.685
Female,88,2018,0.103262,0.10888377836053267,103.262
Female,89,2018,0.118431,0.1258853648205301,118.431
Female,90,2018,0.134259,0.1439202976190157,134.259
Female,91,2018,0.150435,0.162670682025233,150.435
Female,92,2018,0.17300200000000002,0.18938389642462666,173.002
Female,93,2018,0.179356,0.19702478903069462,179.356
Female,94,2018,0.215914,0.24204438575270473,215.914
Female,95,2018,0.24631999999999998,0.28091784133935493,246.32
Female,96,2018,0.263183,0.3030635927676894,263.183
Female,97,2018,0.280665,0.3264808777812352,280.665
Female,98,2018,0.30732299999999996,0.3631206662582406,307.323
Female,99,2018,0.331223,0.3969649629638951,331.223
Female,100,2018,0.351451,0.42637616473638335,351.451
Female,101,2018,0.32546800000000004,0.38872711898010914,325.468
Female,102,2018,0.464603,0.605189407039352,464.603
Female,103,2018,0.396407,0.49439851633176246,396.407
Female,104,2018,0.49100900000000003,0.6507779039106264,491.009
Female,105,2018,0.473748,0.6207991865039325,473.748
Female,106,2018,1.0,2.0,1000.0
Female,0,2019,0.001685,0.0016864208095320307,1.685
Female,1,2019,0.000145,0.0001450105132622115,0.145
Female,2,2019,7.000000000000001e-05,7.000245008575301e-05,0.07
Female,3,2019,6.8e-05,6.800231207861067e-05,0.068
Female,4,2019,0.000101,0.00010100510075758825,0.101
Female,5,2019,0.0,0.0,0.0
Female,6,2019,6.6e-05,6.600217807187637e-05,0.066
Female,7,2019,0.0,0.0,0.0
Female,8,2019,9.5e-05,9.500451271435394e-05,0.095
Female,9,2019,6.2e-05,6.200192205958386e-05,0.062
Female,10,2019,9.3e-05,9.300432470109859e-05,0.093
Female,11,2019,6.3e-05,6.300198456251371e-05,0.063
Female,12,2019,0.00016,0.00016001280102408193,0.16
Female,13,2019,0.0,0.0,0.0
Female,14,2019,0.000162,0.0001620131230629681,0.162
Female,15,2019,0.00013000000000000002,0.0001300084505492857,0.13
Female,16,2019,0.000131,0.00013100858106205958,0.131
Female,17,2019,6.6e-05,6.600217807187637e-05,0.066
Female,18,2019,0.000191,0.00019101824224213414,0.191
Female,19,2019,0.00025,0.00025003125390673836,0.25
Female,20,2019,0.000439,0.00043909638165577343,0.439
Female,21,2019,0.000186,0.00018601729960886362,0.186
Female,22,2019,0.000453,0.0004531026277451843,0.453
Female,23,2019,0.00011899999999999999,0.00011900708092131481,0.119
Female,24,2019,0.000296,0.00029604381448454373,0.296
Female,25,2019,0.000145,0.0001450105132622115,0.145
Female,26,2019,0.00014199999999999998,0.0001420100827158728,0.142
Female,27,2019,0.00033,0.00033005445898573265,0.33
Female,28,2019,0.000133,0.00013300884508819837,0.133
Female,29,2019,0.00029099999999999997,0.00029104234666143923,0.291
Female,30,2019,0.000213,0.00021302268691615657,0.213
Female,31,2019,0.000406,0.00040608243473425103,0.406
Female,32,2019,0.000333,0.00033305545373304654,0.333
Female,33,2019,0.00045200000000000004,0.0004521021750915707,0.452
Female,34,2019,0.000371,0.00037106883326857134,0.371
Female,35,2019,0.000347,0.00034706021494729336,0.347
Female,36,2019,0.000406,0.00040608243473425103,0.406
Female,37,2019,0.000377,0.0003770710778981838,0.377
Female,38,2019,0.00035,0.0003500612607206261,0.35
Female,39,2019,0.000381,0.0003810725943292197,0.381
Female,40,2019,0.000504,0.0005041270400140836,0.504
Female,41,2019,0.000512,0.0005121311055630241,0.512
Female,42,2019,0.000723,0.0007232614590174348,0.723
Female,43,2019,0.0005570000000000001,0.0005571551677142084,0.557
Female,44,2019,0.000593,0.000593175876647426,0.593
Female,45,2019,0.001111,0.0011116175035232071,1.111
Female,46,2019,0.0006580000000000001,0.000658216553246018,0.658
Female,47,2019,0.001021,0.00102152148671897,1.021
Female,48,2019,0.0012410000000000001,0.0012417705186067956,1.241
Female,49,2019,0.001238,0.0012387667966471247,1.238
Female,50,2019,0.0014470000000000002,0.0014480476624838072,1.447
Female,51,2019,0.00172,0.0017214804732069578,1.72
Female,52,2019,0.001897,0.0018988010127606034,1.897
Female,53,2019,0.001673,0.0016744006361321246,1.673
Female,54,2019,0.002333,0.002335724622772464,2.333
Female,55,2019,0.002422,0.002424936598220445,2.422
Female,56,2019,0.002627,0.002630455102777498,2.627
Female,57,2019,0.002942,0.0029463340573984333,2.942
Female,58,2019,0.002826,0.0028299987882878506,2.826
Female,59,2019,0.003141,0.0031459406998691447,3.141
Female,60,2019,0.003021,0.003025570123671806,3.021
Female,61,2019,0.004425,0.004434812021597785,4.425
Female,62,2019,0.005174000000000001,0.005187419855165313,5.174
Female,63,2019,0.005913,0.00593053362265538,5.913
Female,64,2019,0.005325,0.005339215661699274,5.325
Female,65,2019,0.006728,0.006750709386375768,6.728
Female,66,2019,0.006866,0.006889652175919933,6.866
Female,67,2019,0.0076040000000000005,0.007633020744872003,7.604
Female,68,2019,0.007133,0.007158530900456478,7.133
Female,69,2019,0.009872,0.00992096990746324,9.872
Female,70,2019,0.010153,0.010204804691013933,10.153
Female,71,2019,0.012393000000000001,0.012470272040700201,12.393
Female,72,2019,0.014606999999999998,0.014714467110541841,14.607
Female,73,2019,0.016202,0.01633432436165376,16.202
Female,74,2019,0.016189,0.01632111123489082,16.189
Female,75,2019,0.019537,0.01972972986619795,19.537
Female,76,2019,0.020619,0.020833785915899967,20.619
Female,77,2019,0.024939,0.025253903550320724,24.939
Female,78,2019,0.024122,0.024416487252755484,24.122
Female,79,2019,0.031135000000000003,0.03162735890982876,31.135
Female,80,2019,0.033414,0.03398173281005763,33.414
Female,81,2019,0.038626,0.03938667485140519,38.626
Female,82,2019,0.043622,0.04459465399835819,43.622
Female,83,2019,0.052234,0.05363477953717233,52.234
Female,84,2019,0.061438,0.0633851277390148,61.438
Female,85,2019,0.063024,0.06507463179719315,63.024
Female,86,2019,0.07385299999999999,0.07668469748155253,73.853
Female,87,2019,0.085595,0.08942203974603076,85.595
Female,88,2019,0.101086,0.1064671701825359,101.086
Female,89,2019,0.105178,0.11101623265932102,105.178
Female,90,2019,0.126646,0.1352077610531699,126.646
Female,91,2019,0.151732,0.16418831035326045,151.732
Female,92,2019,0.157993,0.1715444078116967,157.993
Female,93,2019,0.180012,0.1978166889012455,180.012
Female,94,2019,0.19849,0.22035958723515273,198.49
Female,95,2019,0.22561,0.25429584251489246,225.61
Female,96,2019,0.26590600000000003,0.306680030032974,265.906
Female,97,2019,0.29788099999999995,0.35001195568582444,297.881
Female,98,2019,0.3,0.35294117647058826,300.0
Female,99,2019,0.311999,0.3696668426144298,311.999
Female,100,2019,0.400271,0.5004235092318762,400.271
Female,101,2019,0.349824,0.42398386596338816,349.824
Female,102,2019,0.34856099999999995,0.42213003326190063,348.561
Female,103,2019,0.26779000000000003,0.3091888396903378,267.79
Female,104,2019,0.45519600000000005,0.5893252477336931,455.196
Female,105,2019,0.468248,0.611388788785652,468.248
Female,106,2019,1.0,2.0,1000.0
Female,0,2020,0.001331,0.0013318863703794875,1.331
Female,1,2020,0.000148,0.00014801095281050797,0.148
Female,2,2020,7.199999999999999e-05,7.200259209331536e-05,0.072
Female,3,2020,3.5000000000000004e-05,3.500061251071894e-05,0.035
Female,4,2020,3.4e-05,3.4000578009826166e-05,0.034
Female,5,2020,3.4e-05,3.4000578009826166e-05,0.034
Female,6,2020,6.7e-05,6.700224457519328e-05,0.067
Female,7,2020,0.000131,0.00013100858106205958,0.131
Female,8,2020,3.2e-05,3.200051200819213e-05,0.032
Female,9,2020,6.3e-05,6.300198456251371e-05,0.063
Female,10,2020,0.000124,0.00012400768847668555,0.124
Female,11,2020,0.000124,0.00012400768847668555,0.124
Female,12,2020,9.5e-05,9.500451271435394e-05,0.095
Female,13,2020,0.000191,0.00019101824224213414,0.191
Female,14,2020,9.6e-05,9.600460822119463e-05,0.096
Female,15,2020,0.000162,0.0001620131230629681,0.162
Female,16,2020,0.00013000000000000002,0.0001300084505492857,0.13
Female,17,2020,0.000294,0.00029404322435398,0.294
Female,18,2020,0.000163,0.000163013285582775,0.163
Female,19,2020,6.3e-05,6.300198456251371e-05,0.063
Female,20,2020,0.000187,0.0001870174861349536,0.187
Female,21,2020,0.00021799999999999999,0.00021802376459034034,0.218
Female,22,2020,0.000185,0.00018501711408305268,0.185
Female,23,2020,0.00020999999999999998,0.0002100220523154931,0.21
Female,24,2020,0.000147,0.00014701080529418912,0.147
Female,25,2020,0.00032,0.00032005120819331097,0.32
Female,26,2020,0.0002,0.00020002000200020003,0.2
Female,27,2020,0.000251,0.00025103150445380894,0.251
Female,28,2020,0.000217,0.00021702354705485543,0.217
Female,29,2020,0.00037,0.0003700684626655931,0.37
Female,30,2020,0.00020999999999999998,0.0002100220523154931,0.21
Female,31,2020,0.000317,0.00031705025246501567,0.317
Female,32,2020,0.000377,0.0003770710778981838,0.377
Female,33,2020,0.000304,0.0003040462150246838,0.304
Female,34,2020,0.000225,0.00022502531534797663,0.225
Female,35,2020,0.000398,0.0003980792177643351,0.398
Female,36,2020,0.000317,0.00031705025246501567,0.317
Female,37,2020,0.000433,0.0004330937648000792,0.433
Female,38,2020,0.000665,0.0006652211860443597,0.665
Female,39,2020,0.000523,0.0005231368002732715,0.523
Female,40,2020,0.000526,0.0005261383743924653,0.526
Female,41,2020,0.000709,0.0007092514296318045,0.709
Female,42,2020,0.0009,0.0009004051823320494,0.9
Female,43,2020,0.00063,0.0006301985125314474,0.63
Female,44,2020,0.000498,0.0004981240328841882,0.498
Female,45,2020,0.000705,0.0007052486001315464,0.705
Female,46,2020,0.001026,0.001026526608149981,1.026
Female,47,2020,0.001067,0.0010675695483540468,1.067
Female,48,2020,0.001556,0.001557211510555212,1.556
Female,49,2020,0.001456,0.0014570607402188793,1.456
Female,50,2020,0.001452,0.001453054917870374,1.452
Female,51,2020,0.001313,0.0013138625507645768,1.313
Female,52,2020,0.0014479999999999999,0.0014490491115567669,1.448
Female,53,2020,0.002205,0.0022074336956494534,2.205
Female,54,2020,0.0024129999999999998,0.002415914801207657,2.413
Female,55,2020,0.0023650000000000003,0.002367799923409432,2.365
Female,56,2020,0.002487,0.002490096434916819,2.487
Female,57,2020,0.002633,0.002636470913958226,2.633
Female,58,2020,0.0026360000000000003,0.002639478833102029,2.636
Female,59,2020,0.002993,0.002997485737406028,2.993
Female,60,2020,0.0035670000000000003,0.003573373110943368,3.567
Female,61,2020,0.003901,0.003908623770664681,3.901
Female,62,2020,0.005035,0.005047707603892801,5.035
Female,63,2020,0.00507,0.00508288511376339,5.07
Female,64,2020,0.005352,0.005366360380377891,5.352
Female,65,2020,0.006482,0.006503076470841999,6.482
Female,66,2020,0.006636,0.0066580915477554535,6.636
Female,67,2020,0.00731,0.007336816062709202,7.31
Female,68,2020,0.007955,0.00798676736720305,7.955
Female,69,2020,0.009231,0.009273803238848907,9.231
Female,70,2020,0.009932999999999999,0.009982578476001059,9.933
Female,71,2020,0.012446,0.01252393645656923,12.446
Female,72,2020,0.014182,0.014283282758037242,14.182
Female,73,2020,0.015618,0.01574092085092487,15.618
Female,74,2020,0.016567000000000002,0.016705379007004525,16.567
Female,75,2020,0.016675000000000002,0.016815196702507154,16.675
Female,76,2020,0.019111,0.01929537697468157,19.111
Female,77,2020,0.023939,0.024229009124718315,23.939
Female,78,2020,0.026242,0.026590899188249018,26.242
Female,79,2020,0.0277,0.028089033108553464,27.7
Female,80,2020,0.035226,0.03585755919001371,35.226
Female,81,2020,0.034402999999999996,0.035005140931737275,34.403
Female,82,2020,0.04407,0.04506296237595415,44.07
Female,83,2020,0.050707999999999996,0.052027094965761925,50.708
Female,84,2020,0.058747,0.06052482597580017,58.747
Female,85,2020,0.066721,0.06902366394090041,66.721
Female,86,2020,0.06489700000000001,0.06707343226691294,64.897
Female,87,2020,0.081356,0.08480572737829425,81.356
Female,88,2020,0.096449,0.1013358717470664,96.449
Female,89,2020,0.114857,0.12185494681305344,114.857
Female,90,2020,0.12673099999999998,0.1353046465830588,126.731
Female,91,2020,0.13787100000000002,0.14807889249348463,137.871
Female,92,2020,0.161417,0.1755884830872471,161.417
Female,93,2020,0.180891,0.1988786818162078,180.891
Female,94,2020,0.209809,0.23439845245563182,209.809
Female,95,2020,0.22959200000000002,0.2593662025928487,229.592
Female,96,2020,0.24196700000000002,0.2752701456684829,241.967
Female,97,2020,0.28221300000000005,0.3285774080255585,282.213
Female,98,2020,0.29907100000000003,0.35165606559709434,299.071
Female,99,2020,0.32250599999999996,0.3845092739526937,322.506
Female,100,2020,0.378927,0.4675014635368056,378.927
Female,101,2020,0.33056599999999997,0.39602164565954684,330.566
Female,102,2020,0.366203,0.4482845788063021,366.203
Female,103,2020,0.400171,0.5002672160587163,400.171
Female,104,2020,0.32702,0.3909431075087568,327.02
Female,105,2020,0.32968000000000003,0.39475070645145843,329.68
Female,106,2020,1.0,2.0,1000.0
Female,0,2021,0.001756,0.0017575431228618727,1.756
Female,1,2021,3.8e-05,3.8000722013718265e-05,0.038
Female,2,2021,0.0,0.0,0.0
Female,3,2021,7.199999999999999e-05,7.200259209331536e-05,0.072
Female,4,2021,0.0,0.0,0.0
Female,5,2021,0.0,0.0,0.0
Female,6,2021,0.0,0.0,0.0
Female,7,2021,0.0,0.0,0.0
Female,8,2021,0.000131,0.00013100858106205958,0.131
Female,9,2021,0.0,0.0,0.0
Female,10,2021,0.000158,0.00015801248298615592,0.158
Female,11,2021,6.2e-05,6.200192205958386e-05,0.062
Female,12,2021,0.000154,0.00015401185891313632,0.154
Female,13,2021,0.000126,0.00012600793850012552,0.126
Female,14,2021,0.00019,0.00019001805171491292,0.19
Female,15,2021,0.00016,0.00016001280102408193,0.16
Female,16,2021,0.000193,0.00019301862629743773,0.193
Female,17,2021,0.00022600000000000002,0.00022602554088612016,0.226
Female,18,2021,0.00026000000000000003,0.0002600338043945713,0.26
Female,19,2021,9.7e-05,9.700470472817932e-05,0.097
Female,20,2021,0.000222,0.00022202464473556564,0.222
Female,21,2021,0.000124,0.00012400768847668555,0.124
Female,22,2021,0.000217,0.00021702354705485543,0.217
Female,23,2021,0.000245,0.00024503001617698166,0.245
Female,24,2021,0.000266,0.0002660353827058999,0.266
Female,25,2021,0.000347,0.00034706021494729336,0.347
Female,26,2021,0.00014299999999999998,0.000143010225231104,0.143
Female,27,2021,0.00014099999999999998,0.00014100994120085463,0.141
Female,28,2021,0.000193,0.00019301862629743773,0.193
Female,29,2021,0.000188,0.00018801767366132417,0.188
Female,30,2021,0.00034100000000000005,0.00034105815041464573,0.341
Female,31,2021,0.000313,0.0003130489921672742,0.313
Female,32,2021,0.000263,0.00026303458904845985,0.263
Female,33,2021,0.00034899999999999997,0.00034906091112899196,0.349
Female,34,2021,0.00041299999999999996,0.0004130853021148867,0.413
Female,35,2021,0.000308,0.0003080474393056531,0.308
Female,36,2021,0.000255,0.00025503251664587233,0.255
Female,37,2021,0.000373,0.0003730695774761993,0.373
Female,38,2021,0.0005759999999999999,0.0005761659357895073,0.576
Female,39,2021,0.000462,0.0004621067466584781,0.462
Female,40,2021,0.000493,0.0004931215544631751,0.493
Female,41,2021,0.0006129999999999999,0.0006131879421042549,0.613
Female,42,2021,0.000914,0.0009144178889752617,0.914
Female,43,2021,0.000867,0.0008673760074992509,0.867
Female,44,2021,0.0007790000000000001,0.0007793035387283348,0.779
Female,45,2021,0.0008179999999999999,0.0008183346988918467,0.818
Female,46,2021,0.0009,0.0009004051823320494,0.9
Female,47,2021,0.001052,0.0010525536432163319,1.052
Female,48,2021,0.001039,0.0010395400410513262,1.039
Female,49,2021,0.001315,0.001315865181356742,1.315
Female,50,2021,0.001375,0.001375945962849459,1.375
Female,51,2021,0.001479,0.0014800945299048647,1.479
Female,52,2021,0.001608,0.0016092938722733078,1.608
Female,53,2021,0.0018839999999999998,0.0018857764013700904,1.884
Female,54,2021,0.001789,0.0017906016932145805,1.789
Female,55,2021,0.0025870000000000003,0.0025903506185250623,2.587
Female,56,2021,0.002457,0.0024600221371955445,2.457
Female,57,2021,0.002639,0.002642486761281511,2.639
Female,58,2021,0.003007,0.0030115278320955556,3.007
Female,59,2021,0.00346,0.0034659961733799474,3.46
Female,60,2021,0.0034500000000000004,0.003455961533645539,3.45
Female,61,2021,0.0037400000000000003,0.003747006902908439,3.74
Female,62,2021,0.0037890000000000003,0.0037961918855271316,3.789
Female,63,2021,0.005126,0.005139171697059564,5.126
Female,64,2021,0.005826,0.005843020719355482,5.826
Female,65,2021,0.0065899999999999995,0.006611785834324098,6.59
Female,66,2021,0.007552,0.007580624437877425,7.552
Female,67,2021,0.006618000000000001,0.006639971666243601,6.618
Female,68,2021,0.0075439999999999995,0.007572563710315309,7.544
Female,69,2021,0.009663,0.009709913446818302,9.663
Female,70,2021,0.010231,0.01028360578539519,10.231
Female,71,2021,0.012356,0.012432809899559479,12.356
Female,72,2021,0.014055,0.014154470541732021,14.055
Female,73,2021,0.014584,0.01469112770321182,14.584
Female,74,2021,0.017184,0.017332924487193972,17.184
Female,75,2021,0.018785,0.018963111020257772,18.785
Female,76,2021,0.020135,0.020339770640927537,20.135
Female,77,2021,0.025093,0.0254118295190609,25.093
Female,78,2021,0.026524000000000002,0.0268804890457244,26.524
Female,79,2021,0.029215,0.02964808439276735,29.215
Female,80,2021,0.030934,0.031419972718029765,30.934
Female,81,2021,0.040133,0.040954819893390726,40.133
Female,82,2021,0.044043,0.0450347323586357,44.043
Female,83,2021,0.051427999999999995,0.052785321763835255,51.428
Female,84,2021,0.059878,0.0617260151681183,59.878
Female,85,2021,0.062763,0.06479640849312707,62.763
Female,86,2021,0.077648,0.08078437247704894,77.648
Female,87,2021,0.08975799999999999,0.09397552770800767,89.758
Female,88,2021,0.10290300000000001,0.10848470057145207,102.903
Female,89,2021,0.112308,0.1189897504465771,112.308
Female,90,2021,0.12774,0.13645540683452084,127.74
Female,91,2021,0.138434,0.1487285436025368,138.434
Female,92,2021,0.18079499999999998,0.19876264632078297,180.795
Female,93,2021,0.186998,0.20628548672312552,186.998
Female,94,2021,0.214257,0.2399639813791794,214.257
Female,95,2021,0.225878,0.2546363778815662,225.878
Female,96,2021,0.24818600000000002,0.28334743300373216,248.186
Female,97,2021,0.272978,0.31612567761151855,272.978
Female,98,2021,0.299511,0.3522645544899144,299.511
Female,99,2021,0.34557,0.4177511287875582,345.57
Female,100,2021,0.36828,0.4514009756575883,368.28
Female,101,2021,0.355573,0.43245823621237056,355.573
Female,102,2021,0.381217,0.4709920971495252,381.217
Female,103,2021,0.472708,0.6190145695780506,472.708
Female,104,2021,0.409526,0.5149735236162302,409.526
Female,105,2021,0.376521,0.4638446201028778,376.521
Female,106,2021,1.0,2.0,1000.0
Female,0,2022,0.001554,0.0015552083969244104,1.554
Female,1,2022,0.000221,0.00022102442319876347,0.221
Female,2,2022,7.4e-05,7.400273810130974e-05,0.074
Female,3,2022,0.00011,0.00011000605033276831,0.11
Female,4,2022,0.0,0.0,0.0
Female,5,2022,0.00017299999999999998,0.0001730149657945412,0.173
Female,6,2022,3.4e-05,3.4000578009826166e-05,0.034
Female,7,2022,0.0,0.0,0.0
Female,8,2022,0.0,0.0,0.0
Female,9,2022,6.500000000000001e-05,6.50021125686585e-05,0.065
Female,10,2022,6.4e-05,6.40020480655381e-05,0.064
Female,11,2022,0.0,0.0,0.0
Female,12,2022,0.0,0.0,0.0
Female,13,2022,6.1e-05,6.1001860556746984e-05,0.061
Female,14,2022,9.4e-05,9.400441820765575e-05,0.094
Female,15,2022,9.4e-05,9.400441820765575e-05,0.094
Female,16,2022,6.3e-05,6.300198456251371e-05,0.063
Female,17,2022,3.2e-05,3.200051200819213e-05,0.032
Female,18,2022,0.00028799999999999995,0.00028804147797282804,0.288
Female,19,2022,0.00038700000000000003,0.00038707489899295517,0.387
Female,20,2022,0.000354,0.00035406266909242934,0.354
Female,21,2022,0.00025,0.00025003125390673836,0.25
Female,22,2022,0.000153,0.00015301170539546276,0.153
Female,23,2022,0.000153,0.00015301170539546276,0.153
Female,24,2022,0.00023899999999999998,0.00023902856391338765,0.239
Female,25,2022,0.00031800000000000003,0.0003180505700406365,0.318
Female,26,2022,0.00014099999999999998,0.00014100994120085463,0.141
Female,27,2022,0.00016800000000000002,0.0001680141131855076,0.168
Female,28,2022,0.000303,0.0003030459114555855,0.303
Female,29,2022,0.000325,0.000325052821083426,0.325
Female,30,2022,0.00023799999999999998,0.0002380283253707191,0.238
Female,31,2022,0.000155,0.0001550120134310409,0.155
Female,32,2022,0.000258,0.00025803328629393194,0.258
Female,33,2022,0.00046899999999999996,0.0004691100062964765,0.469
Female,34,2022,0.000266,0.0002660353827058999,0.266
Female,35,2022,0.000354,0.00035406266909242934,0.354
Female,36,2022,0.000332,0.00033205512115011093,0.332
Female,37,2022,0.000337,0.00033705679406980076,0.337
Female,38,2022,0.000483,0.00048311667267645134,0.483
Female,39,2022,0.000428,0.00042809161160488346,0.428
Female,40,2022,0.000571,0.0005711630670556444,0.571
Female,41,2022,0.000633,0.0006332004079291095,0.633
Female,42,2022,0.000723,0.0007232614590174348,0.723
Female,43,2022,0.000819,0.0008193355178945777,0.819
Female,44,2022,0.00098,0.0009804804354133524,0.98
Female,45,2022,0.00125,0.0012507817385866166,1.25
Female,46,2022,0.001103,0.001103608640165051,1.103
Female,47,2022,0.001091,0.0010915954653263355,1.091
Female,48,2022,0.001185,0.0011857025287482835,1.185
Female,49,2022,0.0016339999999999998,0.0016353360695688375,1.634
Female,50,2022,0.001683,0.0016844174372734658,1.683
Female,51,2022,0.0013440000000000001,0.0013449037753370267,1.344
Female,52,2022,0.001582,0.0015832523526109153,1.582
Female,53,2022,0.002059,0.00206112192502181,2.059
Female,54,2022,0.002181,0.00218338097695537,2.181
Female,55,2022,0.002428,0.0024309511747261175,2.428
Female,56,2022,0.0022440000000000003,0.0022465205961088343,2.244
Female,57,2022,0.002834,0.0028380214764321043,2.834
Female,58,2022,0.002906,0.0029102285621007327,2.906
Female,59,2022,0.003189,0.003194092981258617,3.189
Female,60,2022,0.003555,0.003561330264545229,3.555
Female,61,2022,0.0046630000000000005,0.00467389719130152,4.663
Female,62,2022,0.0043879999999999995,0.004397648440678849,4.388
Female,63,2022,0.005222,0.005235670335245326,5.222
Female,64,2022,0.0054340000000000005,0.005448804401559036,5.434
Female,65,2022,0.006577,0.006598699824372449,6.577
Female,66,2022,0.007526,0.007554427309967407,7.526
Female,67,2022,0.008043,0.008075475524823076,8.043
Female,68,2022,0.007532,0.007560472740340121,7.532
Female,69,2022,0.010316,0.010369485807796616,10.316
Female,70,2022,0.010189,0.010241173659206829,10.189
Female,71,2022,0.013163000000000001,0.013250206232318002,13.163
Female,72,2022,0.013330999999999999,0.013420454036379486,13.331
Female,73,2022,0.015961,0.016089401468418713,15.961
Female,74,2022,0.018265,0.018433342500384763,18.265
Female,75,2022,0.020541,0.020754155554623763,20.541
Female,76,2022,0.022137,0.022384765780036335,22.137
Female,77,2022,0.025614,0.025946294189687327,25.614
Female,78,2022,0.027502,0.027885452862309618,27.502
Female,79,2022,0.031638,0.032146525893102997,31.638
Female,80,2022,0.031972,0.032491407642574195,31.972
Female,81,2022,0.038384,0.03913508046427028,38.384
Female,82,2022,0.044738,0.04576164217378541,44.738
Female,83,2022,0.054988999999999996,0.05654363908481751,54.989
Female,84,2022,0.059789,0.061631441116455896,59.789
Female,85,2022,0.068802,0.07125318066816556,68.802
Female,86,2022,0.075647,0.07862071044137953,75.647
Female,87,2022,0.09037099999999999,0.09464770382100397,90.371
Female,88,2022,0.109325,0.11564652835627488,109.325
Female,89,2022,0.12320099999999999,0.13128843312469793,123.201
Female,90,2022,0.138324,0.1486015826599258,138.324
Female,91,2022,0.15043,0.1626648356104392,150.43
Female,92,2022,0.179885,0.1976633344596358,179.885
Female,93,2022,0.198512,0.22038670254811576,198.512
Female,94,2022,0.227299,0.2564436980630123,227.299
Female,95,2022,0.25694900000000004,0.2948267147662347,256.949
Female,96,2022,0.294843,0.3458250471950677,294.843
Female,97,2022,0.301647,0.35522297190277874,301.647
Female,98,2022,0.333117,0.3996885204300482,333.117
Female,99,2022,0.339584,0.40903484427998765,339.584
Female,100,2022,0.385198,0.47708387777572725,385.198
Female,101,2022,0.421089,0.533391685788496,421.089
Female,102,2022,0.461138,0.59932339611999,461.138
Female,103,2022,0.46537900000000004,0.606506753133184,465.379
Female,104,2022,0.420997,0.5332440787002938,420.997
Female,105,2022,0.489603,0.648310344896077,489.603
Female,106,2022,1.0,2.0,1000.0
Female,0,2023,0.001769,0.0017705660656850983,1.769
Female,1,2023,0.000372,0.0003720692048721062,0.372
Female,2,2023,0.000145,0.0001450105132622115,0.145
Female,3,2023,0.00011,0.00011000605033276831,0.11
Female,4,2023,0.000108,0.000108005832314945,0.108
Female,5,2023,0.000106,0.00010600561829776978,0.106
Female,6,2023,6.8e-05,6.800231207861067e-05,0.068
Female,7,2023,3.3e-05,3.30005445089844e-05,0.033
Female,8,2023,0.000132,0.00013200871257502996,0.132
Female,9,2023,6.500000000000001e-05,6.50021125686585e-05,0.065
Female,10,2023,0.0,0.0,0.0
Female,11,2023,6.3e-05,6.300198456251371e-05,0.063
Female,12,2023,6.2e-05,6.200192205958386e-05,0.062
Female,13,2023,0.0,0.0,0.0
Female,14,2023,2.9999999999999997e-05,3.00004500067501e-05,0.03
Female,15,2023,9.3e-05,9.300432470109859e-05,0.093
Female,16,2023,0.000217,0.00021702354705485543,0.217
Female,17,2023,0.00025,0.00025003125390673836,0.25
Female,18,2023,0.000252,0.00025203175600125617,0.252
Female,19,2023,0.000158,0.00015801248298615592,0.158
Female,20,2023,9.5e-05,9.500451271435394e-05,0.095
Female,21,2023,0.000285,0.00028504061828810607,0.285
Female,22,2023,0.000215,0.00021502311498486088,0.215
Female,23,2023,0.00020999999999999998,0.0002100220523154931,0.21
Female,24,2023,0.000298,0.0002980444086168839,0.298
Female,25,2023,0.000175,0.000175015313839961,0.175
Female,26,2023,0.000253,0.0002530320085490815,0.253
Female,27,2023,0.000165,0.0001650136136231239,0.165
Female,28,2023,0.000192,0.00019201843376964189,0.192
Female,29,2023,0.000432,0.00043209333215974647,0.432
Female,30,2023,0.000345,0.0003450595227676774,0.345
Female,31,2023,0.00039,0.00039007606483264234,0.39
Female,32,2023,0.000305,0.0003050465195942381,0.305
Female,33,2023,0.00035499999999999996,0.00035506302368670437,0.355
Female,34,2023,0.00041,0.0004100840672337829,0.41
Female,35,2023,0.000679,0.0006792305987882887,0.679
Female,36,2023,0.000509,0.0005091295734764498,0.509
Female,37,2023,0.000408,0.0004080832489827925,0.408
Female,38,2023,0.000524,0.0005241373239788825,0.524
Female,39,2023,0.000447,0.0004470999268336474,0.447
Female,40,2023,0.0005610000000000001,0.000561157404652005,0.561
Female,41,2023,0.0008169999999999999,0.0008173338808903437,0.817
Female,42,2023,0.000794,0.0007943153431912469,0.794
Female,43,2023,0.0006850000000000001,0.0006852346928823122,0.685
Female,44,2023,0.000781,0.00078130509964141,0.781
Female,45,2023,0.001204,0.0012047252445972474,1.204
Female,46,2023,0.0009419999999999999,0.0009424438910726952,0.942
Female,47,2023,0.0010069999999999999,0.0010075072799154373,1.007
Female,48,2023,0.001082,0.0010825856788522592,1.082
Female,49,2023,0.0013939999999999998,0.0013949722956900959,1.394
Female,50,2023,0.001299,0.0012998442488396213,1.299
Female,51,2023,0.001356,0.0013569199917544093,1.356
Female,52,2023,0.001845,0.0018467035840562921,1.845
Female,53,2023,0.001843,0.0018446998909495101,1.843
Female,54,2023,0.002291,0.0022936273501295737,2.291
Female,55,2023,0.002499,0.0025021264069454785,2.499
Female,56,2023,0.002532,0.002535209575322358,2.532
Female,57,2023,0.002496,0.002499118900387684,2.496
Female,58,2023,0.0031160000000000003,0.0031208623034688046,3.116
Female,59,2023,0.00352,0.003526206122776086,3.52
Female,60,2023,0.003948,0.0039558087665050815,3.948
Female,61,2023,0.003987,0.003994963960655567,3.987
Female,62,2023,0.004371000000000001,0.004380573743917332,4.371
Female,63,2023,0.004548,0.004558365723655593,4.548
Female,64,2023,0.005545,0.005560416254064393,5.545
Female,65,2023,0.006158,0.006177019041629177,6.158
Female,66,2023,0.007056,0.007080981703449771,7.056
Female,67,2023,0.008564,0.008600828748701942,8.564
Female,68,2023,0.008327999999999999,0.008362822794114691,8.328
Female,69,2023,0.008731,0.008769282301888896,8.731
Female,70,2023,0.010455,0.010509940715088125,10.455
Female,71,2023,0.011586,0.011653508776341347,11.586
Female,72,2023,0.012312,0.01238826214174458,12.312
Female,73,2023,0.014749,0.01485857455807855,14.749
Female,74,2023,0.016724,0.01686502534190904,16.724
Female,75,2023,0.017742,0.01790079797887056,17.742
Female,76,2023,0.020966000000000002,0.02118811500964612,20.966
Female,77,2023,0.022813,0.023076218890777656,22.813
Female,78,2023,0.026884,0.027250298512606456,26.884
Female,79,2023,0.030767,0.031247698977216,30.767
Female,80,2023,0.03222,0.03274756324385856,32.22
Female,81,2023,0.03968,0.04048318641854391,39.68
Female,82,2023,0.042970999999999995,0.043914525538456504,42.971
Female,83,2023,0.051962,0.05334803530526612,51.962
Female,84,2023,0.058518,0.06028178473969885,58.518
Female,85,2023,0.063991,0.06610609764727333,63.991
Female,86,2023,0.077211,0.08031146423242488,77.211
Female,87,2023,0.08707,0.09103312719231754,87.07
Female,88,2023,0.103787,0.10946766001498778,103.787
Female,89,2023,0.109351,0.115675622497883,109.351
Female,90,2023,0.128054,0.13681377561104863,128.054
Female,91,2023,0.146345,0.15789885388597122,146.345
Female,92,2023,0.172209,0.18843401679951374,172.209
Female,93,2023,0.19219999999999998,0.21263414094479474,192.2
Female,94,2023,0.202503,0.22531664865087397,202.503
Female,95,2023,0.236822,0.2686308472542194,236.822
Female,96,2023,0.269402,0.3113397796599788,269.402
Female,97,2023,0.27582100000000004,0.3199447389163191,275.821
Female,98,2023,0.28792700000000004,0.33634897577381345,287.927
Female,99,2023,0.328146,0.39255341674572064,328.146
Female,100,2023,0.346916,0.4197197480587798,346.916
Female,101,2023,0.41661000000000004,0.5262253771970267,416.61
Female,102,2023,0.412101,0.5190519044347279,412.101
Female,103,2023,0.424268,0.5385027403137082,424.268
Female,104,2023,0.428025,0.5445697291623594,428.025
Female,105,2023,0.28853199999999996,0.3371748697609303,288.532
Female,106,2023,1.0,2.0,1000.0
Female,0,2024,0.001736,0.0017375081570803457,1.736
Female,1,2024,0.000309,0.000309047747877047,0.309
Female,2,2024,0.00011,0.00011000605033276831,0.11
Female,3,2024,0.000215,0.00021502311498486088,0.215
Female,4,2024,7.3e-05,7.30026645972578e-05,0.073
Female,5,2024,7.199999999999999e-05,7.200259209331536e-05,0.072
Female,6,2024,3.5000000000000004e-05,3.500061251071894e-05,0.035
Female,7,2024,0.000203,0.00020302060659156904,0.203
Female,8,2024,3.3e-05,3.30005445089844e-05,0.033
Female,9,2024,6.6e-05,6.600217807187637e-05,0.066
Female,10,2024,6.500000000000001e-05,6.50021125686585e-05,0.065
Female,11,2024,9.5e-05,9.500451271435394e-05,0.095
Female,12,2024,3.1e-05,3.1000480507447865e-05,0.031
Female,13,2024,0.000154,0.00015401185891313632,0.154
Female,14,2024,5.9999999999999995e-05,6.0001800054001615e-05,0.06
Female,15,2024,8.999999999999999e-05,9.000405018225818e-05,0.09
Female,16,2024,0.000183,0.00018301674603226197,0.183
Female,17,2024,0.0,0.0,0.0
Female,18,2024,0.000309,0.000309047747877047,0.309
Female,19,2024,0.00025,0.00025003125390673836,0.25
Female,20,2024,0.000312,0.0003120486795940167,0.312
Female,21,2024,6.3e-05,6.300198456251371e-05,0.063
Female,22,2024,0.000187,0.0001870174861349536,0.187
Female,23,2024,0.000152,0.00015201155287801872,0.152
Female,24,2024,0.000206,0.00020602122018567912,0.206
Female,25,2024,0.000232,0.00023202691512215417,0.232
Female,26,2024,0.00022700000000000002,0.0002270257674246027,0.227
Female,27,2024,0.00030199999999999997,0.0003020456088869419,0.302
Female,28,2024,0.000298,0.0002980444086168839,0.298
Female,29,2024,0.000377,0.0003770710778981838,0.377
Female,30,2024,0.00029299999999999997,0.0002930429307893606,0.293
Female,31,2024,0.000236,0.00023602785128645177,0.236
Female,32,2024,0.000283,0.00028304005016709864,0.283
Female,33,2024,0.00022700000000000002,0.0002270257674246027,0.227
Female,34,2024,0.00042699999999999997,0.0004270911839677771,0.427
Female,35,2024,0.000431,0.0004310929005200621,0.431
Female,36,2024,0.000207,0.00020702142671766527,0.207
Female,37,2024,0.00034399999999999996,0.00034405917817864666,0.344
Female,38,2024,0.000404,0.0004040816244881466,0.404
Female,39,2024,0.000546,0.0005461490987039462,0.546
Female,40,2024,0.0008020000000000001,0.0008023217310141367,0.802
Female,41,2024,0.00044500000000000003,0.00044509903453518414,0.445
Female,42,2024,0.000475,0.00047511283929933357,0.475
Female,43,2024,0.0005909999999999999,0.0005911746921215219,0.591
Female,44,2024,0.000652,0.0006522126213145486,0.652
Female,45,2024,0.000862,0.0008623716821950261,0.862
Female,46,2024,0.000816,0.0008163330638900671,0.816
Female,47,2024,0.001142,0.0011426524545515488,1.142
Female,48,2024,0.0007149999999999999,0.0007152557039141492,0.715
Female,49,2024,0.001489,0.0014901093864382034,1.489
Female,50,2024,0.0013620000000000001,0.001362928154072924,1.362
Female,51,2024,0.001563,0.0015642224398367322,1.563
Female,52,2024,0.00159,0.001591265055719297,1.59
Female,53,2024,0.002028,0.002030058479298008,2.028
Female,54,2024,0.002159,0.0021613331591452973,2.159
Female,55,2024,0.0025009999999999998,0.002504131416336128,2.501
Female,56,2024,0.002362,0.002364792820320799,2.362
Female,57,2024,0.00267,0.0026735692149018942,2.67
Female,58,2024,0.0026360000000000003,0.002639478833102029,2.636
Female,59,2024,0.003431,0.003436895995079559,3.431
Female,60,2024,0.003433,0.0034389028767880065,3.433
Female,61,2024,0.0041600000000000005,0.0041686708353375025,4.16
Female,62,2024,0.0039239999999999995,0.003931714022912955,3.924
Female,63,2024,0.004438,0.004447869823137542,4.438
Female,64,2024,0.005266,0.005279901981918391,5.266
Female,65,2024,0.0060750000000000005,0.0060935090336898335,6.075
Female,66,2024,0.006906,0.006929929044992358,6.906
Female,67,2024,0.008093999999999999,0.008126889521895109,8.094
Female,68,2024,0.008216,0.008249890550380964,8.216
Female,69,2024,0.010254,0.010306843185009544,10.254
Female,70,2024,0.009722,0.009769489488403128,9.722
Female,71,2024,0.012145,0.012219201098671684,12.145
Female,72,2024,0.012268000000000001,0.012343716356128492,12.268
Female,73,2024,0.014522,0.014628215472546157,14.522
Female,74,2024,0.016862,0.017005372293809103,16.862
Female,75,2024,0.019112999999999998,0.019297415753649752,19.113
Female,76,2024,0.021524,0.02175816133225776,21.524
Female,77,2024,0.022028,0.02227331832806531,22.028
Female,78,2024,0.027985,0.028382137052710043,27.985
Female,79,2024,0.030997,0.03148496980451528,30.997
Female,80,2024,0.035371,0.03600781623400652,35.371
Female,81,2024,0.036224,0.03689219137009516,36.224
Female,82,2024,0.043978,0.044966774402332904,43.978
Female,83,2024,0.044962,0.04599603690567652,44.962
Female,84,2024,0.056500999999999996,0.058143585358160714,56.501
Female,85,2024,0.068789,0.07123923797037196,68.789
Female,86,2024,0.07777200000000001,0.08091860070709615,77.772
Female,87,2024,0.081486,0.08494699543500855,81.486
Female,88,2024,0.101216,0.10661138918381448,101.216
Female,89,2024,0.106507,0.11249790730676057,106.507
Female,90,2024,0.127574,0.13626599929716848,127.574
Female,91,2024,0.142126,0.15299853488449702,142.126
Female,92,2024,0.16652799999999998,0.18165316950572463,166.528
Female,93,2024,0.192344,0.21281040197913761,192.344
Female,94,2024,0.214501,0.24027008696168412,214.501
Female,95,2024,0.225021,0.2535477884527084,225.021
Female,96,2024,0.253617,0.2904483151748499,253.617
Female,97,2024,0.284491,0.3316694928443978,284.491
Female,98,2024,0.300905,0.3541944388041869,300.905
Female,99,2024,0.31809699999999996,0.3782584370204464,318.097
Female,100,2024,0.34664100000000003,0.419317280759956,346.641
Female,101,2024,0.37777,0.4657416026087546,377.77
Female,102,2024,0.403293,0.505155924036157,403.293
Female,103,2024,0.418633,0.52945710894435,418.633
Female,104,2024,0.44969600000000004,0.5801391211014099,449.696
Female,105,2024,0.453255,0.5860759207238426,453.255
Female,106,2024,1.0,2.0,1000.0
Male,0,2000,0.004261,0.004270097442601463,4.261
Male,1,2000,0.000592,0.0005921752838840296,0.592
Male,2,2000,0.000228,0.00022802599496342583,0.228
Male,3,2000,0.00015900000000000002,0.00015901264150499966,0.159
Male,4,2000,0.00022,0.00022002420266229288,0.22
Male,5,2000,0.00019,0.00019001805171491292,0.19
Male,6,2000,0.000128,0.00012800819252432156,0.128
Male,7,2000,0.000127,0.00012700806501212826,0.127
Male,8,2000,9.4e-05,9.400441820765575e-05,0.094
Male,9,2000,0.00021799999999999999,0.00021802376459034034,0.218
Male,10,2000,3.2e-05,3.200051200819213e-05,0.032
Male,11,2000,9.7e-05,9.700470472817932e-05,0.097
Male,12,2000,0.000102,0.00010200520226531554,0.102
Male,13,2000,0.000106,0.00010600561829776978,0.106
Male,14,2000,0.000216,0.00021602333051969611,0.216
Male,15,2000,0.00029499999999999996,0.0002950435189190405,0.295
Male,16,2000,0.0007059999999999999,0.0007062493060050198,0.706
Male,17,2000,0.000622,0.0006221935021791777,0.622
Male,18,2000,0.001021,0.00102152148671897,1.021
Male,19,2000,0.001242,0.001242771761263745,1.242
Male,20,2000,0.001157,0.0011576697119283505,1.157
Male,21,2000,0.001116,0.0011166230756762274,1.116
Male,22,2000,0.00141,0.0014109947512996662,1.41
Male,23,2000,0.0009609999999999999,0.0009614619824825829,0.961
Male,24,2000,0.00078,0.0007803043186842869,0.78
Male,25,2000,0.001191,0.0011917096631043787,1.191
Male,26,2000,0.0012,0.0012007204322593557,1.2
Male,27,2000,0.0013620000000000001,0.001362928154072924,1.362
Male,28,2000,0.001006,0.0010065062726551455,1.006
Male,29,2000,0.001231,0.0012317581471395645,1.231
Male,30,2000,0.001374,0.0013749445869312218,1.374
Male,31,2000,0.0012909999999999998,0.001291833878768745,1.291
Male,32,2000,0.0013620000000000001,0.001362928154072924,1.362
Male,33,2000,0.000977,0.0009774774977576546,0.977
Male,34,2000,0.00092,0.0009204233947615904,0.92
Male,35,2000,0.001746,0.0017475255898399301,1.746
Male,36,2000,0.001564,0.0015652240051720445,1.564
Male,37,2000,0.001851,0.0018527146874432287,1.851
Male,38,2000,0.001237,0.0012377655579976215,1.237
Male,39,2000,0.001435,0.0014360303517774004,1.435
Male,40,2000,0.001828,0.0018296723205009377,1.828
Male,41,2000,0.001766,0.0017675607561476784,1.766
Male,42,2000,0.002128,0.002130266603666301,2.128
Male,43,2000,0.002472,0.0024750591731379982,2.472
Male,44,2000,0.002133,0.0021352772732118803,2.133
Male,45,2000,0.002454,0.0024570147571069704,2.454
Male,46,2000,0.002645,0.002648502644747679,2.645
Male,47,2000,0.002595,0.0025983713868744695,2.595
Male,48,2000,0.002841,0.0028450413812821118,2.841
Male,49,2000,0.003159,0.0031639975341051186,3.159
Male,50,2000,0.003707,0.003713883683407195,3.707
Male,51,2000,0.003529,0.0035352379273227608,3.529
Male,52,2000,0.005096,0.005109017777296551,5.096
Male,53,2000,0.004992,0.005004491210060311,4.992
Male,54,2000,0.005939,0.005956688386162709,5.939
Male,55,2000,0.0060030000000000005,0.006021072248353433,6.003
Male,56,2000,0.007108,0.00713335193276906,7.108
Male,57,2000,0.006622,0.006643998278299449,6.622
Male,58,2000,0.007982,0.008013983809383248,7.982
Male,59,2000,0.008451,0.008486861232136392,8.451
Male,60,2000,0.008452999999999999,0.008488878243897833,8.453
Male,61,2000,0.010577,0.010633233857254088,10.577
Male,62,2000,0.011737000000000001,0.011806285184605862,11.737
Male,63,2000,0.011814999999999999,0.011885211889235659,11.815
Male,64,2000,0.014570999999999999,0.014677936103481915,14.571
Male,65,2000,0.017192,0.017341063784289755,17.192
Male,66,2000,0.017863,0.01802398118798045,17.863
Male,67,2000,0.018783,0.01896107291629337,18.783
Male,68,2000,0.022904,0.023169335227019833,22.904
Male,69,2000,0.02489,0.025203659543012794,24.89
Male,70,2000,0.026419,0.02677265336461995,26.419
Male,71,2000,0.030315,0.03078157167262786,30.315
Male,72,2000,0.034082999999999995,0.03467389518479162,34.083
Male,73,2000,0.037932,0.038665326583991994,37.932
Male,74,2000,0.042139,0.04304595678651345,42.139
Male,75,2000,0.046335999999999995,0.04743497346524274,46.336
Male,76,2000,0.050762999999999996,0.05208499530842067,50.763
Male,77,2000,0.058556,0.06032211075879603,58.556
Male,78,2000,0.064071,0.06619147706346669,64.071
Male,79,2000,0.07182,0.07449511975023078,71.82
Male,80,2000,0.082937,0.08652506464315465,82.937
Male,81,2000,0.089696,0.09390756654438247,89.696
Male,82,2000,0.102232,0.1077391967827469,102.232
Male,83,2000,0.111554,0.11814370122312208,111.554
Male,84,2000,0.12476699999999999,0.13306826405038732,124.767
Male,85,2000,0.135212,0.14501594819357483,135.212
Male,86,2000,0.146834,0.1584682645807229,146.834
Male,87,2000,0.158137,0.1717141828681069,158.137
Male,88,2000,0.17391399999999999,0.19047733786908172,173.914
Male,89,2000,0.183375,0.2018853643432189,183.375
Male,90,2000,0.203707,0.22680821001918952,203.707
Male,91,2000,0.221271,0.24879675318724775,221.271
Male,92,2000,0.24874000000000002,0.2840697554903327,248.74
Male,93,2000,0.29735199999999995,0.3492818245462362,297.352
Male,94,2000,0.286089,0.3338434726190566,286.089
Male,95,2000,0.30447,0.35914433834848103,304.47
Male,96,2000,0.333721,0.4005583698768333,333.721
Male,97,2000,0.332785,0.399210659692961,332.785
Male,98,2000,0.338862,0.40798777705404365,338.862
Male,99,2000,0.313061,0.37115864889009026,313.061
Male,100,2000,0.26485899999999996,0.305288158138157,264.859
Male,101,2000,0.270787,0.31319102967650597,270.787
Male,102,2000,0.564033,0.7855793343440344,564.033
Male,103,2000,0.6321209999999999,0.9242352576507131,632.121
Male,104,2000,0.20966200000000002,0.23421499180601654,209.662
Male,105,2000,0.234072,0.26509801079092693,234.072
Male,106,2000,1.0,2.0,1000.0
Male,0,2001,0.0042320000000000005,0.004240973900774038,4.232
Male,1,2001,0.00039200000000000004,0.0003920768470620242,0.392
Male,2,2001,0.000328,0.000328053800823335,0.328
Male,3,2001,0.000325,0.000325052821083426,0.325
Male,4,2001,0.000127,0.00012700806501212826,0.127
Male,5,2001,6.3e-05,6.300198456251371e-05,0.063
Male,6,2001,0.000222,0.00022202464473556564,0.222
Male,7,2001,9.6e-05,9.600460822119463e-05,0.096
Male,8,2001,9.5e-05,9.500451271435394e-05,0.095
Male,9,2001,9.3e-05,9.300432470109859e-05,0.093
Male,10,2001,0.000124,0.00012400768847668555,0.124
Male,11,2001,3.2e-05,3.200051200819213e-05,0.032
Male,12,2001,0.000162,0.0001620131230629681,0.162
Male,13,2001,0.000102,0.00010200520226531554,0.102
Male,14,2001,7.099999999999999e-05,7.100252058948092e-05,0.071
Male,15,2001,0.000323,0.00032305217292592753,0.323
Male,16,2001,0.000331,0.0003310547895676735,0.331
Male,17,2001,0.000775,0.000775300428916205,0.775
Male,18,2001,0.000909,0.0009094133283577385,0.909
Male,19,2001,0.001237,0.0012377655579976215,1.237
Male,20,2001,0.0015660000000000001,0.0015672271388497195,1.566
Male,21,2001,0.001441,0.0014420389890916405,1.441
Male,22,2001,0.001111,0.0011116175035232071,1.111
Male,23,2001,0.001078,0.0010785813553505338,1.078
Male,24,2001,0.000954,0.0009544552751662543,0.954
Male,25,2001,0.001177,0.0011776930723730917,1.177
Male,26,2001,0.000767,0.0007672942573476928,0.767
Male,27,2001,0.0012230000000000001,0.0012237483220989636,1.223
Male,28,2001,0.001119,0.0011196264309881378,1.119
Male,29,2001,0.001002,0.0010025022536290682,1.002
Male,30,2001,0.00114,0.0011406501705972403,1.14
Male,31,2001,0.001173,0.0011736883682279657,1.173
Male,32,2001,0.000987,0.000987487324994885,0.987
Male,33,2001,0.001027,0.0010275276354407988,1.027
Male,34,2001,0.0011979999999999998,0.0011987180321012285,1.198
Male,35,2001,0.001365,0.0013659322487597784,1.365
Male,36,2001,0.001436,0.001437031788824376,1.436
Male,37,2001,0.001478,0.0014790930497637755,1.478
Male,38,2001,0.0016120000000000002,0.001613300320057967,1.612
Male,39,2001,0.0016619999999999998,0.0016633822706669241,1.662
Male,40,2001,0.0015249999999999999,0.0015261636998211135,1.525
Male,41,2001,0.001494,0.00149511685228866,1.494
Male,42,2001,0.002164,0.002166343984190895,2.164
Male,43,2001,0.001885,0.001886778288536946,1.885
Male,44,2001,0.002137,0.002139285826906049,2.137
Male,45,2001,0.001984,0.001985970082321663,1.984
Male,46,2001,0.0026810000000000002,0.0026845987045634673,2.681
Male,47,2001,0.002685,0.0026886094581976302,2.685
Male,48,2001,0.0034049999999999996,0.0034108068987451132,3.405
Male,49,2001,0.003278,0.003283381462216573,3.278
Male,50,2001,0.003435,0.0034409097625171235,3.435
Male,51,2001,0.004114,0.004122479941239128,4.114
Male,52,2001,0.003545,0.003551294669802224,3.545
Male,53,2001,0.004936,0.004948212187679193,4.936
Male,54,2001,0.005423,0.005437744444060069,5.423
Male,55,2001,0.005913,0.00593053362265538,5.913
Male,56,2001,0.006354,0.006374250995412426,6.354
Male,57,2001,0.007086,0.00711119496375659,7.086
Male,58,2001,0.006549,0.006570515151864781,6.549
Male,59,2001,0.00792,0.007951487892052527,7.92
Male,60,2001,0.008928,0.00896803330065412,8.928
Male,61,2001,0.009640000000000001,0.009686689845053158,9.64
Male,62,2001,0.010393000000000001,0.010447289339050377,10.393
Male,63,2001,0.013838,0.013934412197997948,13.838
Male,64,2001,0.015895,0.016022337527499805,15.895
Male,65,2001,0.016113,0.016243868728410438,16.113
Male,66,2001,0.016291,0.016424788111562734,16.291
Male,67,2001,0.019296,0.019483981453059115,19.296
Male,68,2001,0.021859000000000003,0.022100547938695984,21.859
Male,69,2001,0.023914,0.024203400054451072,23.914
Male,70,2001,0.028911000000000003,0.029335052856568122,28.911
Male,71,2001,0.028978999999999998,0.02940506468474968,28.979
Male,72,2001,0.032623,0.033163953832946104,32.623
Male,73,2001,0.034273000000000005,0.03487055934013218,34.273
Male,74,2001,0.041639,0.04252433540087859,41.639
Male,75,2001,0.043972000000000004,0.04496050158791183,43.972
Male,76,2001,0.052401,0.05381087174515904,52.401
Male,77,2001,0.059908,0.06175789601730228,59.908
Male,78,2001,0.065828,0.06806840343051186,65.828
Male,79,2001,0.07204300000000001,0.07473506929874475,72.043
Male,80,2001,0.075561,0.07852782031542699,75.561
Male,81,2001,0.093348,0.09791823573468048,93.348
Male,82,2001,0.100143,0.1054216185744506,100.143
Male,83,2001,0.113739,0.12059730864392575,113.739
Male,84,2001,0.12441500000000001,0.1326679409357614,124.415
Male,85,2001,0.136349,0.14632460691406277,136.349
Male,86,2001,0.143847,0.15499476605646195,143.847
Male,87,2001,0.154738,0.1677138531005353,154.738
Male,88,2001,0.171747,0.18788099896458535,171.747
Male,89,2001,0.181742,0.19990782386218017,181.742
Male,90,2001,0.226668,0.2556407937148825,226.668
Male,91,2001,0.217148,0.2435962155019037,217.148
Male,92,2001,0.26066,0.2997228833925512,260.66
Male,93,2001,0.248303,0.2834999431979389,248.303
Male,94,2001,0.26795800000000003,0.30941282024338906,267.958
Male,95,2001,0.323453,0.3858561674680161,323.453
Male,96,2001,0.307684,0.36362476038753994,307.684
Male,97,2001,0.42095499999999997,0.5331766985741381,420.955
Male,98,2001,0.394278,0.4910912349709352,394.278
Male,99,2001,0.400704,0.5011004842130538,400.704
Male,100,2001,0.36560899999999996,0.4473947788503485,365.609
Male,101,2001,0.404079,0.5063897273110637,404.079
Male,102,2001,0.5888880000000001,0.8346438836888923,588.888
Male,103,2001,0.650982,0.9651198130788469,650.982
Male,104,2001,0.35882,0.4372707442206217,358.82
Male,105,2001,0.819908,1.3895662372086242,819.908
Male,106,2001,1.0,2.0,1000.0
Male,0,2002,0.003269,0.0032743519282266865,3.269
Male,1,2002,0.000368,0.00036806772446130087,0.368
Male,2,2002,0.00029299999999999997,0.0002930429307893606,0.293
Male,3,2002,0.00035999999999999997,0.00036006481166609984,0.36
Male,4,2002,0.00013000000000000002,0.0001300084505492857,0.13
Male,5,2002,0.000315,0.0003150496203151997,0.315
Male,6,2002,9.4e-05,9.400441820765575e-05,0.094
Male,7,2002,0.000158,0.00015801248298615592,0.158
Male,8,2002,0.00015900000000000002,0.00015901264150499966,0.159
Male,9,2002,0.000253,0.0002530320085490815,0.253
Male,10,2002,6.2e-05,6.200192205958386e-05,0.062
Male,11,2002,9.3e-05,9.300432470109859e-05,0.093
Male,12,2002,0.000157,0.0001570123254675492,0.157
Male,13,2002,0.000129,0.00012900832103670686,0.129
Male,14,2002,0.00027100000000000003,0.0002710367254763021,0.271
Male,15,2002,0.000246,0.0002460302617221918,0.246
Male,16,2002,0.000465,0.0004651081376420018,0.465
Male,17,2002,0.00062,0.0006201922596004762,0.62
Male,18,2002,0.000879,0.0008793864903625144,0.879
Male,19,2002,0.0010500000000000002,0.0010505515395582683,1.05
Male,20,2002,0.000798,0.0007983185290931082,0.798
Male,21,2002,0.0008349999999999999,0.0008353487581065094,0.835
Male,22,2002,0.0010400000000000001,0.0010405410813623085,1.04
Male,23,2002,0.00121,0.0012107324931583607,1.21
Male,24,2002,0.001143,0.0011436535980312748,1.143
Male,25,2002,0.001088,0.0010885921941536196,1.088
Male,26,2002,0.001237,0.0012377655579976215,1.237
Male,27,2002,0.0008900000000000001,0.0008903962263207128,0.89
Male,28,2002,0.001065,0.0010655674146483002,1.065
Male,29,2002,0.0011719999999999999,0.0011726871946960917,1.172
Male,30,2002,0.0013109999999999999,0.0013118599241803,1.311
Male,31,2002,0.0009360000000000001,0.000936438253102452,0.936
Male,32,2002,0.0013360000000000002,0.0013368930445537622,1.336
Male,33,2002,0.001231,0.0012317581471395645,1.231
Male,34,2002,0.0009699999999999999,0.0009704706782789652,0.97
Male,35,2002,0.001252,0.001252784242936078,1.252
Male,36,2002,0.001085,0.0010855889319956076,1.085
Male,37,2002,0.001519,0.001520154557386335,1.519
Male,38,2002,0.001361,0.0013619267911813989,1.361
Male,39,2002,0.001761,0.0017625519269716984,1.761
Male,40,2002,0.001842,0.0018436980459002742,1.842
Male,41,2002,0.00116,0.0011606731904504613,1.16
Male,42,2002,0.001434,0.0014350289157325801,1.434
Male,43,2002,0.001769,0.0017705660656850983,1.769
Male,44,2002,0.00229,0.0022926250556887635,2.29
Male,45,2002,0.0019850000000000002,0.001986972069779256,1.985
Male,46,2002,0.002608,0.0026114052724753077,2.608
Male,47,2002,0.002592,0.0025953635912142137,2.592
Male,48,2002,0.002532,0.002535209575322358,2.532
Male,49,2002,0.002837,0.0028410300010564987,2.837
Male,50,2002,0.0028290000000000004,0.002833007288810022,2.829
Male,51,2002,0.003976,0.003983920033025655,3.976
Male,52,2002,0.004261,0.004270097442601463,4.261
Male,53,2002,0.004435,0.004444856469220496,4.435
Male,54,2002,0.006298,0.006317895051517228,6.298
Male,55,2002,0.005768,0.005784683025846541,5.768
Male,56,2002,0.006304000000000001,0.0063239330369324115,6.304
Male,57,2002,0.006607,0.006628898566414149,6.607
Male,58,2002,0.008042,0.008074467433550307,8.042
Male,59,2002,0.008083,0.00811580000572313,8.083
Male,60,2002,0.009561,0.009606925909309453,9.561
Male,61,2002,0.009887,0.009936119205291357,9.887
Male,62,2002,0.012234,0.012309295963408169,12.234
Male,63,2002,0.012462999999999998,0.01254115017733003,12.463
Male,64,2002,0.013375999999999999,0.013466061016075512,13.376
Male,65,2002,0.014324,0.014427328526909727,14.324
Male,66,2002,0.018639,0.018814340243903053,18.639
Male,67,2002,0.021434,0.021666196629275953,21.434
Male,68,2002,0.021446,0.02167845810627357,21.446
Male,69,2002,0.025282,0.02560568141881524,25.282
Male,70,2002,0.024946000000000003,0.025261081469164896,24.946
Male,71,2002,0.03065,0.031127021606113695,30.65
Male,72,2002,0.031550999999999996,0.0320567106386805,31.551
Male,73,2002,0.037441,0.03815528603216515,37.441
Male,74,2002,0.04084599999999999,0.04169758987808002,40.846
Male,75,2002,0.044948,0.045981385661353256,44.948
Male,76,2002,0.051571,0.05293598073114288,51.571
Male,77,2002,0.057534999999999996,0.05923916261039452,57.535
Male,78,2002,0.061797,0.06376731436284022,61.797
Male,79,2002,0.07086400000000001,0.07346708578348028,70.864
Male,80,2002,0.07868699999999999,0.08190961077138394,78.687
Male,81,2002,0.08530599999999999,0.08910666665273928,85.306
Male,82,2002,0.095903,0.10073331348140353,95.903
Male,83,2002,0.110628,0.1171055779380662,110.628
Male,84,2002,0.11297700000000001,0.11974098884857261,112.977
Male,85,2002,0.134939,0.14470196953343617,134.939
Male,86,2002,0.145901,0.1573821031131563,145.901
Male,87,2002,0.161167,0.17529269922826055,161.167
Male,88,2002,0.18413,0.20280086129513675,184.13
Male,89,2002,0.19668,0.21813100281702635,196.68
Male,90,2002,0.219052,0.245994829719902,219.052
Male,91,2002,0.229813,0.25964827444784083,229.813
Male,92,2002,0.26485899999999996,0.305288158138157,264.859
Male,93,2002,0.28011,0.3257301339039125,280.11
Male,94,2002,0.276911,0.3214123008155702,276.911
Male,95,2002,0.304508,0.35919721237257385,304.508
Male,96,2002,0.303753,0.35814713305314616,303.753
Male,97,2002,0.426135,0.5415140434535363,426.135
Male,98,2002,0.33542099999999997,0.4030100103389505,335.421
Male,99,2002,0.33804399999999996,0.4068025868314203,338.044
Male,100,2002,0.387571,0.48072938405349935,387.571
Male,101,2002,0.39057400000000003,0.4853581338936988,390.574
Male,102,2002,0.28346899999999997,0.3302812474694602,283.469
Male,103,2002,0.32968000000000003,0.39475070645145843,329.68
Male,104,2002,0.0,0.0,0.0
Male,105,2002,0.550671,0.7598978561803428,550.671
Male,106,2002,1.0,2.0,1000.0
Male,0,2003,0.003682,0.0036887910643494675,3.682
Male,1,2003,0.000483,0.00048311667267645134,0.483
Male,2,2003,0.000166,0.00016601377914366892,0.166
Male,3,2003,0.00013000000000000002,0.0001300084505492857,0.13
Male,4,2003,0.000228,0.00022802599496342583,0.228
Male,5,2003,9.7e-05,9.700470472817932e-05,0.097
Male,6,2003,0.00034599999999999995,0.00034605986835722577,0.346
Male,7,2003,0.000125,0.00012500781298831177,0.125
Male,8,2003,3.1e-05,3.1000480507447865e-05,0.031
Male,9,2003,0.000127,0.00012700806501212826,0.127
Male,10,2003,0.000126,0.00012600793850012552,0.126
Male,11,2003,0.000124,0.00012400768847668555,0.124
Male,12,2003,0.000308,0.0003080474393056531,0.308
Male,13,2003,0.000219,0.0002190239831261523,0.219
Male,14,2003,0.000161,0.00016101296154340426,0.161
Male,15,2003,0.000337,0.00033705679406980076,0.337
Male,16,2003,0.000523,0.0005231368002732715,0.523
Male,17,2003,0.000603,0.0006031818593305882,0.603
Male,18,2003,0.0010860000000000002,0.0010865900183799804,1.086
Male,19,2003,0.0007289999999999999,0.0007292658173904387,0.729
Male,20,2003,0.000901,0.00090140608344059,0.901
Male,21,2003,0.000614,0.0006141885558866571,0.614
Male,22,2003,0.00094,0.0009404420077436395,0.94
Male,23,2003,0.0007840000000000001,0.0007843074485198198,0.784
Male,24,2003,0.001203,0.0012037240400100662,1.203
Male,25,2003,0.000745,0.0007452776159119272,0.745
Male,26,2003,0.000976,0.0009764765205420245,0.976
Male,27,2003,0.001131,0.00113163994238742,1.131
Male,28,2003,0.0009469999999999999,0.0009474486169201116,0.947
Male,29,2003,0.000968,0.000968468738869613,0.968
Male,30,2003,0.000933,0.0009334354476363224,0.933
Male,31,2003,0.0011359999999999999,0.0011366456147091546,1.136
Male,32,2003,0.00099,0.000990490292694884,0.99
Male,33,2003,0.000973,0.0009734735949039207,0.973
Male,34,2003,0.0013109999999999999,0.0013118599241803,1.311
Male,35,2003,0.000968,0.000968468738869613,0.968
Male,36,2003,0.0013620000000000001,0.001362928154072924,1.362
Male,37,2003,0.001195,0.0011957144393775281,1.195
Male,38,2003,0.0011799999999999998,0.0011806966110004902,1.18
Male,39,2003,0.001477,0.0014780915706249064,1.477
Male,40,2003,0.001165,0.001165679008022173,1.165
Male,41,2003,0.001631,0.0016323311660659267,1.631
Male,42,2003,0.001588,0.0015892618739278986,1.588
Male,43,2003,0.002197,0.0021994160585403068,2.197
Male,44,2003,0.0021070000000000004,0.0021092220654459477,2.107
Male,45,2003,0.002417,0.002419924478732548,2.417
Male,46,2003,0.002485,0.0024880914536311366,2.485
Male,47,2003,0.0023959999999999997,0.002398873850873346,2.396
Male,48,2003,0.0025659999999999997,0.0025692964072905537,2.566
Male,49,2003,0.002955,0.0029593724728286044,2.955
Male,50,2003,0.0031669999999999997,0.003172022898259393,3.167
Male,51,2003,0.003927,0.003934725834175403,3.927
Male,52,2003,0.004025,0.004033116647252596,4.025
Male,53,2003,0.00438,0.004389613253024123,4.38
Male,54,2003,0.004622,0.004632706183991204,4.622
Male,55,2003,0.005826,0.005843020719355482,5.826
Male,56,2003,0.005802,0.005818880572540941,5.802
Male,57,2003,0.006477999999999999,0.006499050424324386,6.478
Male,58,2003,0.007006999999999999,0.0070316353343940485,7.007
Male,59,2003,0.008147999999999999,0.008181330741440628,8.148
Male,60,2003,0.008921,0.008960970408507147,8.921
Male,61,2003,0.008999,0.009039674013222495,8.999
Male,62,2003,0.011535,0.01160191403922121,11.535
Male,63,2003,0.012202,0.012276901375290647,12.202
Male,64,2003,0.01156,0.011627205246323753,11.56
Male,65,2003,0.015792,0.015917686049043245,15.792
Male,66,2003,0.017772,0.017931337868297693,17.772
Male,67,2003,0.018847000000000003,0.01902629428418704,18.847
Male,68,2003,0.020396,0.020606141430306264,20.396
Male,69,2003,0.02264,0.022899219160901405,22.64
Male,70,2003,0.024082,0.02437550546125902,24.082
Male,71,2003,0.027604,0.027990322430181364,27.604
Male,72,2003,0.028932,0.029356673640889102,28.932
Male,73,2003,0.034983,0.03560579883023913,34.983
Male,74,2003,0.037841,0.038570778412962456,37.841
Male,75,2003,0.039609,0.040409285698618284,39.609
Male,76,2003,0.046473,0.04757855919063315,46.473
Male,77,2003,0.052414999999999996,0.05382563533812388,52.415
Male,78,2003,0.054944,0.056496059753549516,54.944
Male,79,2003,0.063365,0.06543824726910337,63.365
Male,80,2003,0.068566,0.07100009630150447,68.566
Male,81,2003,0.085759,0.08960104814388575,85.759
Male,82,2003,0.09417199999999999,0.09882528748659374,94.172
Male,83,2003,0.10724800000000001,0.11332493638891943,107.248
Male,84,2003,0.106612,0.11261505829761252,106.612
Male,85,2003,0.12559,0.13400483352094794,125.59
Male,86,2003,0.14179499999999998,0.1526150236384037,141.795
Male,87,2003,0.162193,0.17650710874428055,162.193
Male,88,2003,0.16530699999999998,0.18020126527980426,165.307
Male,89,2003,0.188386,0.2079758712396791,188.386
Male,90,2003,0.207538,0.23156753113873543,207.538
Male,91,2003,0.232785,0.2634484202544682,232.785
Male,92,2003,0.252392,0.2888428068537109,252.392
Male,93,2003,0.252486,0.28896592530875287,252.486
Male,94,2003,0.291971,0.34188061209733556,291.971
Male,95,2003,0.288014,0.3364677047592679,288.014
Male,96,2003,0.29835700000000004,0.35066932370655896,298.357
Male,97,2003,0.34639299999999995,0.41895444322623204,346.393
Male,98,2003,0.300607,0.35378161496487276,300.607
Male,99,2003,0.38703699999999996,0.4799080946060138,387.037
Male,100,2003,0.42117899999999997,0.5335361006725905,421.179
Male,101,2003,0.442487,0.568196862562303,442.487
Male,102,2003,0.35882,0.4372707442206217,358.82
Male,103,2003,0.304856,0.35968153737971525,304.856
Male,104,2003,0.798103,1.3280722058545782,798.103
Male,105,2003,0.435282,0.5563711799825911,435.282
Male,106,2003,1.0,2.0,1000.0
Male,0,2004,0.0033900000000000002,0.003395755806091325,3.39
Male,1,2004,0.000517,0.000517133679056036,0.517
Male,2,2004,0.00013700000000000002,0.00013700938514288232,0.137
Male,3,2004,0.000232,0.00023202691512215417,0.232
Male,4,2004,0.00013000000000000002,0.0001300084505492857,0.13
Male,5,2004,6.500000000000001e-05,6.50021125686585e-05,0.065
Male,6,2004,3.2e-05,3.200051200819213e-05,0.032
Male,7,2004,0.000157,0.0001570123254675492,0.157
Male,8,2004,6.2e-05,6.200192205958386e-05,0.062
Male,9,2004,3.1e-05,3.1000480507447865e-05,0.031
Male,10,2004,6.3e-05,6.300198456251371e-05,0.063
Male,11,2004,9.4e-05,9.400441820765575e-05,0.094
Male,12,2004,6.2e-05,6.200192205958386e-05,0.062
Male,13,2004,9.2e-05,9.200423219468096e-05,0.092
Male,14,2004,0.000187,0.0001870174861349536,0.187
Male,15,2004,0.000289,0.0002890417665352643,0.289
Male,16,2004,0.00046899999999999996,0.0004691100062964765,0.469
Male,17,2004,0.000554,0.0005541535005196439,0.554
Male,18,2004,0.000705,0.0007052486001315464,0.705
Male,19,2004,0.0009739999999999999,0.000974474569115159,0.974
Male,20,2004,0.0009429999999999999,0.0009434448342393437,0.943
Male,21,2004,0.001149,0.0011496604799457288,1.149
Male,22,2004,0.000901,0.00090140608344059,0.901
Male,23,2004,0.001331,0.0013318863703794875,1.331
Male,24,2004,0.000991,0.0009914912839311877,0.991
Male,25,2004,0.000984,0.0009844843663082237,0.984
Male,26,2004,0.001512,0.001513143936816233,1.512
Male,27,2004,0.000728,0.0007282650884922112,0.728
Male,28,2004,0.000728,0.0007282650884922112,0.728
Male,29,2004,0.001194,0.0011947132438065524,1.194
Male,30,2004,0.0005420000000000001,0.0005421469218158121,0.542
Male,31,2004,0.000785,0.0007853082334816415,0.785
Male,32,2004,0.000708,0.0007082507207551473,0.708
Male,33,2004,0.0011279999999999999,0.0011286365510147721,1.128
Male,34,2004,0.001221,0.0012217458758572108,1.221
Male,35,2004,0.000709,0.0007092514296318045,0.709
Male,36,2004,0.000939,0.0009394410675812293,0.939
Male,37,2004,0.001389,0.0013899653309223257,1.389
Male,38,2004,0.001387,0.0013879625520298326,1.387
Male,39,2004,0.001545,0.0015461944352011929,1.545
Male,40,2004,0.001361,0.0013619267911813989,1.361
Male,41,2004,0.001285,0.0012858261432970683,1.285
Male,42,2004,0.001603,0.0016042858350968302,1.603
Male,43,2004,0.0015580000000000001,0.0015592146281953644,1.558
Male,44,2004,0.002229,0.0022314869922528658,2.229
Male,45,2004,0.002142,0.0021442965415960492,2.142
Male,46,2004,0.001926,0.0019278565258343786,1.926
Male,47,2004,0.002457,0.0024600221371955445,2.457
Male,48,2004,0.0026190000000000002,0.0026224340774243875,2.619
Male,49,2004,0.002476,0.0024790690875303623,2.476
Male,50,2004,0.003637,0.0036436259337605434,3.637
Male,51,2004,0.0039889999999999995,0.003996971960575367,3.989
Male,52,2004,0.004009,0.004017052181097009,4.009
Male,53,2004,0.004212,0.004220889192639699,4.212
Male,54,2004,0.005096,0.005109017777296551,5.096
Male,55,2004,0.005169,0.0051823938970268655,5.169
Male,56,2004,0.006054,0.006072381097582382,6.054
Male,57,2004,0.006472,0.006493011384841347,6.472
Male,58,2004,0.007013,0.007037677616562476,7.013
Male,59,2004,0.007313,0.007339838118078755,7.313
Male,60,2004,0.0091,0.00914159425385504,9.1
Male,61,2004,0.009178,0.009220312011822253,9.178
Male,62,2004,0.009497,0.009542311666950515,9.497
Male,63,2004,0.011117,0.01117913924549609,11.117
Male,64,2004,0.013090999999999998,0.013177251701008951,13.091
Male,65,2004,0.013971,0.014069280962161177,13.971
Male,66,2004,0.016134,0.016265211460854714,16.134
Male,67,2004,0.018609999999999998,0.01878479249415814,18.61
Male,68,2004,0.018911,0.01909151986609385,18.911
Male,69,2004,0.021129000000000002,0.021354600678871943,21.129
Male,70,2004,0.024343,0.024642941563236938,24.343
Male,71,2004,0.027701,0.028090061395356383,27.701
Male,72,2004,0.028547,0.028960365780974745,28.547
Male,73,2004,0.031409,0.031910132678651885,31.409
Male,74,2004,0.036582,0.03726358829347597,36.582
Male,75,2004,0.037881,0.038612336968349016,37.881
Male,76,2004,0.043539,0.044507915056829654,43.539
Male,77,2004,0.048303,0.04949846210759149,48.303
Male,78,2004,0.051912,0.053295333681024674,51.912
Male,79,2004,0.061244,0.06317865682943083,61.244
Male,80,2004,0.07455800000000001,0.07744507494902471,74.558
Male,81,2004,0.084783,0.08853618153974196,84.783
Male,82,2004,0.091246,0.09560792014057337,91.246
Male,83,2004,0.092268,0.09673056802527819,92.268
Male,84,2004,0.110437,0.11689157757640257,110.437
Male,85,2004,0.114433,0.12137781367620457,114.433
Male,86,2004,0.13131299999999999,0.14054039012418879,131.313
Male,87,2004,0.14108600000000002,0.1517940044563654,141.086
Male,88,2004,0.170921,0.1868929663508246,170.921
Male,89,2004,0.182209,0.2004729916695594,182.209
Male,90,2004,0.186384,0.20553854840274896,186.384
Male,91,2004,0.211981,0.237112692874069,211.981
Male,92,2004,0.250249,0.28603955648546564,250.249
Male,93,2004,0.24274,0.2762710128267872,242.74
Male,94,2004,0.279951,0.32551514520807256,279.951
Male,95,2004,0.272004,0.31482017319484534,272.004
Male,96,2004,0.35827,0.4364542281617562,358.27
Male,97,2004,0.370247,0.45435964836389314,370.247
Male,98,2004,0.234072,0.26509801079092693,234.072
Male,99,2004,0.290894,0.34040486663787967,290.894
Male,100,2004,0.421863,0.5346341920885196,421.863
Male,101,2004,0.259182,0.2977703585325979,259.182
Male,102,2004,0.564033,0.7855793343440344,564.033
Male,103,2004,0.622042,0.9028460954542882,622.042
Male,104,2004,0.304856,0.35968153737971525,304.856
Male,105,2004,0.0,0.0,0.0
Male,106,2004,1.0,2.0,1000.0
Male,0,2005,0.0032839999999999996,0.003289401196765088,3.284
Male,1,2005,0.00034,0.00034005780982767074,0.34
Male,2,2005,0.000446,0.000446099480184081,0.446
Male,3,2005,0.000171,0.00017101462175015964,0.171
Male,4,2005,0.000132,0.00013200871257502996,0.132
Male,5,2005,0.000161,0.00016101296154340426,0.161
Male,6,2005,0.000162,0.0001620131230629681,0.162
Male,7,2005,6.4e-05,6.40020480655381e-05,0.064
Male,8,2005,0.000156,0.00015601216894917805,0.156
Male,9,2005,0.000155,0.0001550120134310409,0.155
Male,10,2005,0.000187,0.0001870174861349536,0.187
Male,11,2005,0.000157,0.0001570123254675492,0.157
Male,12,2005,3.1e-05,3.1000480507447865e-05,0.031
Male,13,2005,6.1e-05,6.1001860556746984e-05,0.061
Male,14,2005,0.00027600000000000004,0.0002760380932568695,0.276
Male,15,2005,0.000124,0.00012400768847668555,0.124
Male,16,2005,0.0005110000000000001,0.000511130593866733,0.511
Male,17,2005,0.0005989999999999999,0.0005991794542465468,0.599
Male,18,2005,0.000448,0.0004481003744838844,0.448
Male,19,2005,0.0006680000000000001,0.0006682231865443058,0.668
Male,20,2005,0.001221,0.0012217458758572108,1.221
Male,21,2005,0.001049,0.001049550489231602,1.049
Male,22,2005,0.001073,0.001073575973509788,1.073
Male,23,2005,0.000716,0.0007162564197982877,0.716
Male,24,2005,0.001,0.0010005002501250625,1.0
Male,25,2005,0.0007019999999999999,0.0007022464885174695,0.702
Male,26,2005,0.0006969999999999999,0.0006972429891817297,0.697
Male,27,2005,0.0008719999999999999,0.0008723803578360164,0.872
Male,28,2005,0.000928,0.0009284307918874358,0.928
Male,29,2005,0.001049,0.001049550489231602,1.049
Male,30,2005,0.0006860000000000001,0.0006862353787349062,0.686
Male,31,2005,0.000778,0.0007783027597735519,0.778
Male,32,2005,0.000751,0.0007512821064309649,0.751
Male,33,2005,0.001098,0.001098603133120083,1.098
Male,34,2005,0.0010960000000000002,0.001096600937313648,1.096
Male,35,2005,0.0011330000000000001,0.0011336422083110082,1.133
Male,36,2005,0.0010609999999999999,0.001061563159255985,1.061
Male,37,2005,0.001349,0.0013499105146421262,1.349
Male,38,2005,0.001441,0.0014420389890916405,1.441
Male,39,2005,0.0011639999999999999,0.0011646778425043374,1.164
Male,40,2005,0.001571,0.0015722349905851044,1.571
Male,41,2005,0.0014470000000000002,0.0014480476624838072,1.447
Male,42,2005,0.0013720000000000002,0.0013729418381009373,1.372
Male,43,2005,0.001539,0.0015401851724902312,1.539
Male,44,2005,0.001618,0.0016193100218076424,1.618
Male,45,2005,0.0020139999999999997,0.0020160301423533494,2.014
Male,46,2005,0.002112,0.002114232629656918,2.112
Male,47,2005,0.002297,0.002299641137846817,2.297
Male,48,2005,0.002491,0.0024941064095330735,2.491
Male,49,2005,0.003401,0.003406793251924898,3.401
Male,50,2005,0.003307,0.0033124771810188144,3.307
Male,51,2005,0.00368,0.0036867836819748337,3.68
Male,52,2005,0.003353,0.003358630744443059,3.353
Male,53,2005,0.003991,0.003998979964519198,3.991
Male,54,2005,0.004764999999999999,0.004776379724694082,4.765
Male,55,2005,0.005453,0.005467908251848666,5.453
Male,56,2005,0.005397,0.005411603211265601,5.397
Male,57,2005,0.006127,0.006145827743291574,6.127
Male,58,2005,0.006553,0.006574541485176179,6.553
Male,59,2005,0.0076619999999999995,0.00769146600627002,7.662
Male,60,2005,0.008407,0.008442487998300857,8.407
Male,61,2005,0.008529,0.008565527692846143,8.529
Male,62,2005,0.010409,0.01046345706228064,10.409
Male,63,2005,0.010045,0.010095705681786775,10.045
Male,64,2005,0.013175000000000001,0.013262365834937652,13.175
Male,65,2005,0.013851,0.013947594062681099,13.851
Male,66,2005,0.013635999999999999,0.013729608470552223,13.636
Male,67,2005,0.015761,0.01588619112919361,15.761
Male,68,2005,0.020835,0.02105433351943875,20.835
Male,69,2005,0.019656,0.019851096577160332,19.656
Male,70,2005,0.023638000000000003,0.023920718977596213,23.638
Male,71,2005,0.024767,0.025077547813346576,24.767
Male,72,2005,0.028197,0.028600220204553904,28.197
Male,73,2005,0.031370999999999996,0.03187091117727108,31.371
Male,74,2005,0.036127,0.03679158479188827,36.127
Male,75,2005,0.040779,0.04162776940426833,40.779
Male,76,2005,0.042683,0.04361378356188599,42.683
Male,77,2005,0.048924,0.05015078859050083,48.924
Male,78,2005,0.057394,0.05908969703583743,57.394
Male,79,2005,0.061215000000000006,0.06314779617131348,61.215
Male,80,2005,0.069149,0.0716254128361018,69.149
Male,81,2005,0.080187,0.0835362610837618,80.187
Male,82,2005,0.086767,0.09070196886631163,86.767
Male,83,2005,0.095705,0.10051488871209555,95.705
Male,84,2005,0.108744,0.11499659485548228,108.744
Male,85,2005,0.124214,0.13243941473067825,124.214
Male,86,2005,0.13253800000000002,0.1419445214949488,132.538
Male,87,2005,0.144334,0.1555603217389336,144.334
Male,88,2005,0.167428,0.18272460781895608,167.428
Male,89,2005,0.187952,0.20744704334543015,187.952
Male,90,2005,0.200201,0.22247039808334151,200.201
Male,91,2005,0.22038300000000002,0.24767464010514625,220.383
Male,92,2005,0.22432400000000002,0.2526632110813009,224.324
Male,93,2005,0.246105,0.28063823661051546,246.105
Male,94,2005,0.277116,0.3216885176250983,277.116
Male,95,2005,0.294443,0.3452748867378809,294.443
Male,96,2005,0.315689,0.37485832485805765,315.689
Male,97,2005,0.31448200000000004,0.3731576880223172,314.482
Male,98,2005,0.310169,0.3671006153869824,310.169
Male,99,2005,0.381897,0.47203051968879606,381.897
Male,100,2005,0.267562,0.3088849355647937,267.562
Male,101,2005,0.42152999999999996,0.5340994760749332,421.53
Male,102,2005,0.346578,0.41922509800885677,346.578
Male,103,2005,0.304856,0.35968153737971525,304.856
Male,104,2005,0.516775,0.696826172698006,516.775
Male,105,2005,0.0,0.0,0.0
Male,106,2005,1.0,2.0,1000.0
Male,0,2006,0.003743,0.0037500181589845394,3.743
Male,1,2006,0.000237,0.00023702808782840765,0.237
Male,2,2006,0.000135,0.00013500911311513527,0.135
Male,3,2006,0.00023899999999999998,0.00023902856391338765,0.239
Male,4,2006,0.00023899999999999998,0.00023902856391338765,0.239
Male,5,2006,0.000132,0.00013200871257502996,0.132
Male,6,2006,6.4e-05,6.40020480655381e-05,0.064
Male,7,2006,9.7e-05,9.700470472817932e-05,0.097
Male,8,2006,3.2e-05,3.200051200819213e-05,0.032
Male,9,2006,0.000186,0.00018601729960886362,0.186
Male,10,2006,0.000123,0.0001230075649652454,0.123
Male,11,2006,0.000155,0.0001550120134310409,0.155
Male,12,2006,3.1e-05,3.1000480507447865e-05,0.031
Male,13,2006,0.000124,0.00012400768847668555,0.124
Male,14,2006,9.2e-05,9.200423219468096e-05,0.092
Male,15,2006,0.000244,0.00024402977163213912,0.244
Male,16,2006,0.000465,0.0004651081376420018,0.465
Male,17,2006,0.00031800000000000003,0.0003180505700406365,0.318
Male,18,2006,0.000498,0.0004981240328841882,0.498
Male,19,2006,0.000997,0.0009974972523803115,0.997
Male,20,2006,0.000805,0.0008053241429675444,0.805
Male,21,2006,0.000894,0.000894399796709129,0.894
Male,22,2006,0.000862,0.0008623716821950261,0.862
Male,23,2006,0.00092,0.0009204233947615904,0.92
Male,24,2006,0.0008139999999999999,0.0008143314328931875,0.814
Male,25,2006,0.000809,0.0008093273729223472,0.809
Male,26,2006,0.00083,0.0008303445930060976,0.83
Male,27,2006,0.001406,0.0014069891133466827,1.406
Male,28,2006,0.000928,0.0009284307918874358,0.928
Male,29,2006,0.000846,0.0008463580094379922,0.846
Male,30,2006,0.000808,0.0008083265639318285,0.808
Male,31,2006,0.000894,0.000894399796709129,0.894
Male,32,2006,0.001095,0.0010955998409129,1.095
Male,33,2006,0.000887,0.0008873935590434358,0.887
Male,34,2006,0.001062,0.0010625642216016704,1.062
Male,35,2006,0.001059,0.001059561037569393,1.059
Male,36,2006,0.001153,0.0011536650879231877,1.153
Male,37,2006,0.000973,0.0009734735949039207,0.973
Male,38,2006,0.0011510000000000001,0.0011516627819310014,1.151
Male,39,2006,0.001131,0.00113163994238742,1.131
Male,40,2006,0.001132,0.001132641074848364,1.132
Male,41,2006,0.001314,0.0013148638655596729,1.314
Male,42,2006,0.001297,0.0012978416503102261,1.297
Male,43,2006,0.001427,0.0014280188914790706,1.427
Male,44,2006,0.001414,0.0014150004052865374,1.414
Male,45,2006,0.002101,0.002103209421497283,2.101
Male,46,2006,0.0021019999999999997,0.002104211526314156,2.102
Male,47,2006,0.0024140000000000003,0.002416917219083434,2.414
Male,48,2006,0.002605,0.0026083974376625556,2.605
Male,49,2006,0.002615,0.002618423588842412,2.615
Male,50,2006,0.002967,0.002971408083892454,2.967
Male,51,2006,0.00363,0.0036366004297800508,3.63
Male,52,2006,0.003654,0.0036606880771168928,3.654
Male,53,2006,0.004991,0.00500348619981163,4.991
Male,54,2006,0.0041719999999999995,0.004180720983972566,4.172
Male,55,2006,0.0052910000000000006,0.0053050344686869115,5.291
Male,56,2006,0.00528,0.0052939760968958045,5.28
Male,57,2006,0.005919,0.0059365692767746146,5.919
Male,58,2006,0.005972000000000001,0.005989885798995802,5.972
Male,59,2006,0.007555,0.007583647227401509,7.555
Male,60,2006,0.008384,0.0084192936791028,8.384
Male,61,2006,0.009595000000000001,0.009641253915660382,9.595
Male,62,2006,0.0105,0.010555415933651672,10.5
Male,63,2006,0.011271000000000002,0.011334877703296931,11.271
Male,64,2006,0.012392,0.012469259532060647,12.392
Male,65,2006,0.012996,0.01308100034021069,12.996
Male,66,2006,0.013888,0.013985112622047496,13.888
Male,67,2006,0.016442000000000002,0.016578290123102024,16.442
Male,68,2006,0.019707000000000002,0.01990311534707238,19.707
Male,69,2006,0.018791,0.018969225356840192,18.791
Male,70,2006,0.02028,0.020487745741822078,20.28
Male,71,2006,0.023489999999999997,0.023769168888596565,23.49
Male,72,2006,0.028936,0.029360791937755447,28.936
Male,73,2006,0.029769999999999998,0.030219822051232595,29.77
Male,74,2006,0.03169,0.032200212364922196,31.69
Male,75,2006,0.036592,0.037273964453643865,36.592
Male,76,2006,0.041314000000000003,0.042185424309971076,41.314
Male,77,2006,0.042279000000000004,0.04319205852110694,42.279
Male,78,2006,0.054119,0.055624162011962706,54.119
Male,79,2006,0.058306,0.060056836968131945,58.306
Male,80,2006,0.063026,0.06507676406601225,63.026
Male,81,2006,0.071505,0.07415627211893212,71.505
Male,82,2006,0.087144,0.09111402008305905,87.144
Male,83,2006,0.092969,0.09750129913986716,92.969
Male,84,2006,0.105274,0.11112319142715095,105.274
Male,85,2006,0.122462,0.13044955681323095,122.462
Male,86,2006,0.128841,0.13771250866441603,128.841
Male,87,2006,0.13916399999999998,0.1495714829248789,139.164
Male,88,2006,0.15975399999999998,0.1736224396086175,159.754
Male,89,2006,0.162669,0.1770709795894153,162.669
Male,90,2006,0.201191,0.2236935661318128,201.191
Male,91,2006,0.20725200000000002,0.23121152554625637,207.252
Male,92,2006,0.239415,0.27197210018260976,239.415
Male,93,2006,0.23517,0.2665072556563522,235.17
Male,94,2006,0.25139500000000004,0.2875377801161498,251.395
Male,95,2006,0.236898,0.2687286385019131,236.898
Male,96,2006,0.34305399999999997,0.4140798794891324,343.054
Male,97,2006,0.343048,0.41407113784829014,343.048
Male,98,2006,0.382083,0.4723147108288002,382.083
Male,99,2006,0.30148899999999995,0.3550038828126517,301.489
Male,100,2006,0.32549900000000004,0.3887713414324626,325.499
Male,101,2006,0.459567,0.5966724940325221,459.567
Male,102,2006,0.29593,0.3473214128527584,295.93
Male,103,2006,0.498251,0.6635609545936105,498.251
Male,104,2006,0.35882,0.4372707442206217,358.82
Male,105,2006,0.550671,0.7598978561803428,550.671
Male,106,2006,1.0,2.0,1000.0
Male,0,2007,0.0032229999999999997,0.003228202247922527,3.223
Male,1,2007,0.00026700000000000004,0.00026703564925917615,0.267
Male,2,2007,0.00016800000000000002,0.0001680141131855076,0.168
Male,3,2007,6.7e-05,6.700224457519328e-05,0.067
Male,4,2007,6.8e-05,6.800231207861067e-05,0.068
Male,5,2007,6.8e-05,6.800231207861067e-05,0.068
Male,6,2007,0.0,0.0,0.0
Male,7,2007,9.6e-05,9.600460822119463e-05,0.096
Male,8,2007,9.6e-05,9.600460822119463e-05,0.096
Male,9,2007,6.4e-05,6.40020480655381e-05,0.064
Male,10,2007,9.3e-05,9.300432470109859e-05,0.093
Male,11,2007,0.000215,0.00021502311498486088,0.215
Male,12,2007,0.000186,0.00018601729960886362,0.186
Male,13,2007,9.4e-05,9.400441820765575e-05,0.094
Male,14,2007,0.000155,0.0001550120134310409,0.155
Male,15,2007,0.0,0.0,0.0
Male,16,2007,0.000456,0.00045610399171010994,0.456
Male,17,2007,0.000431,0.0004310929005200621,0.431
Male,18,2007,0.000348,0.0003480605625378816,0.348
Male,19,2007,0.000825,0.0008253404529368365,0.825
Male,20,2007,0.000716,0.0007162564197982877,0.716
Male,21,2007,0.000624,0.0006241947487616136,0.624
Male,22,2007,0.000916,0.0009164197202318662,0.916
Male,23,2007,0.000846,0.0008463580094379922,0.846
Male,24,2007,0.0008309999999999999,0.0008313454240236818,0.831
Male,25,2007,0.0009320000000000001,0.0009324345144837495,0.932
Male,26,2007,0.000787,0.0007873098064088219,0.787
Male,27,2007,0.001042,0.0010425431649889593,1.042
Male,28,2007,0.0010689999999999999,0.0010695716860662022,1.069
Male,29,2007,0.000905,0.0009054096978882944,0.905
Male,30,2007,0.00066,0.0006602178718977263,0.66
Male,31,2007,0.000824,0.0008243396279267057,0.824
Male,32,2007,0.000877,0.0008773847332055106,0.877
Male,33,2007,0.000844,0.0008443563183663506,0.844
Male,34,2007,0.000762,0.0007622904326548414,0.762
Male,35,2007,0.000882,0.0008823891336079211,0.882
Male,36,2007,0.0009350000000000001,0.0009354373169456721,0.935
Male,37,2007,0.0011120000000000001,0.0011126186159504687,1.112
Male,38,2007,0.000696,0.0006962422923177266,0.696
Male,39,2007,0.000869,0.0008693777446300417,0.869
Male,40,2007,0.000984,0.0009844843663082237,0.984
Male,41,2007,0.001204,0.0012047252445972474,1.204
Male,42,2007,0.001137,0.0011376467521786134,1.137
Male,43,2007,0.001574,0.0015752397136546462,1.574
Male,44,2007,0.001769,0.0017705660656850983,1.769
Male,45,2007,0.002033,0.0020350686472799602,2.033
Male,46,2007,0.001786,0.0017875963235169008,1.786
Male,47,2007,0.0023940000000000003,0.0023968690522555504,2.394
Male,48,2007,0.002859,0.0028630927911449415,2.859
Male,49,2007,0.002967,0.002971408083892454,2.967
Male,50,2007,0.0028250000000000003,0.002828995956788965,2.825
Male,51,2007,0.003149,0.0031539659193400007,3.149
Male,52,2007,0.0042320000000000005,0.004240973900774038,4.232
Male,53,2007,0.004176,0.00418473773238522,4.176
Male,54,2007,0.004118999999999999,0.004127500587459873,4.119
Male,55,2007,0.0043159999999999995,0.004325334070925056,4.316
Male,56,2007,0.005377,0.005391495034399984,5.377
Male,57,2007,0.005472,0.005487012466107269,5.472
Male,58,2007,0.005752,0.005768590466180736,5.752
Male,59,2007,0.007320999999999999,0.007347896976883882,7.321
Male,60,2007,0.008253,0.008287197118911188,8.253
Male,61,2007,0.008820999999999999,0.008860077371245879,8.821
Male,62,2007,0.009875,0.0099239997487595,9.875
Male,63,2007,0.011052,0.011113412718683444,11.052
Male,64,2007,0.012910999999999999,0.012994888502729368,12.911
Male,65,2007,0.01402,0.01411897400779464,14.02
Male,66,2007,0.014781,0.014891052322187124,14.781
Male,67,2007,0.016985,0.017130480606551136,16.985
Male,68,2007,0.017948,0.01811052384094867,17.948
Male,69,2007,0.020350999999999998,0.020560210421140312,20.351
Male,70,2007,0.019501,0.019693016759917577,19.501
Male,71,2007,0.025704,0.026038648713262856,25.704
Male,72,2007,0.027023,0.02739312217020269,27.023
Male,73,2007,0.027945,0.028340994546298154,27.945
Male,74,2007,0.033504,0.03407482140823068,33.504
Male,75,2007,0.038247,0.03899267644805437,38.247
Male,76,2007,0.040406,0.04123915464121649,40.406
Male,77,2007,0.051762,0.05313724503885049,51.762
Male,78,2007,0.051018,0.05235348505014413,51.018
Male,79,2007,0.058877000000000006,0.0606628225001713,58.877
Male,80,2007,0.071938,0.07462208165505052,71.938
Male,81,2007,0.07397100000000001,0.07681192754626229,73.971
Male,82,2007,0.085726,0.0895650256964259,85.726
Male,83,2007,0.09404900000000001,0.09868984039988438,94.049
Male,84,2007,0.10169,0.10713740116208628,101.69
Male,85,2007,0.123221,0.13131114531865498,123.221
Male,86,2007,0.130791,0.13994261743871336,130.791
Male,87,2007,0.150372,0.16259701950878772,150.372
Male,88,2007,0.153725,0.16652448849710905,153.725
Male,89,2007,0.176535,0.1936258716235299,176.535
Male,90,2007,0.19181600000000001,0.21216424877114276,191.816
Male,91,2007,0.232462,0.2630347975545646,232.462
Male,92,2007,0.228349,0.25778101894786276,228.349
Male,93,2007,0.262709,0.30243522817996527,262.709
Male,94,2007,0.286738,0.3347275548048109,286.738
Male,95,2007,0.313395,0.3716282117033923,313.395
Male,96,2007,0.311024,0.36829889826735257,311.024
Male,97,2007,0.34075900000000003,0.4107408146254824,340.759
Male,98,2007,0.369898,0.45383417724780417,369.898
Male,99,2007,0.38395100000000004,0.47517247311189215,383.951
Male,100,2007,0.40651299999999996,0.5102181567844607,406.513
Male,101,2007,0.47670999999999997,0.6258952661673088,476.71
Male,102,2007,0.550671,0.7598978561803428,550.671
Male,103,2007,0.320975,0.38233498607822997,320.975
Male,104,2007,0.0,0.0,0.0
Male,105,2007,0.0,0.0,0.0
Male,106,2007,1.0,2.0,1000.0
Male,0,2008,0.0032930000000000004,0.0032984308664215636,3.293
Male,1,2008,0.00029499999999999996,0.0002950435189190405,0.295
Male,2,2008,0.00033,0.00033005445898573265,0.33
Male,3,2008,0.0001,0.00010000500025001251,0.1
Male,4,2008,3.3e-05,3.30005445089844e-05,0.033
Male,5,2008,0.000135,0.00013500911311513527,0.135
Male,6,2008,0.000101,0.00010100510075758825,0.101
Male,7,2008,0.000163,0.000163013285582775,0.163
Male,8,2008,9.5e-05,9.500451271435394e-05,0.095
Male,9,2008,3.2e-05,3.200051200819213e-05,0.032
Male,10,2008,6.3e-05,6.300198456251371e-05,0.063
Male,11,2008,9.2e-05,9.200423219468096e-05,0.092
Male,12,2008,9.2e-05,9.200423219468096e-05,0.092
Male,13,2008,6.2e-05,6.200192205958386e-05,0.062
Male,14,2008,0.000217,0.00021702354705485543,0.217
Male,15,2008,0.000246,0.0002460302617221918,0.246
Male,16,2008,0.000212,0.00021202247438228454,0.212
Male,17,2008,0.000513,0.0005131316182600838,0.513
Male,18,2008,0.000735,0.0007352702118028375,0.735
Male,19,2008,0.000754,0.0007542843652056826,0.754
Male,20,2008,0.001176,0.0011766918948341624,1.176
Male,21,2008,0.000606,0.000606183673653117,0.606
Male,22,2008,0.000885,0.0008853917858652454,0.885
Male,23,2008,0.0007920000000000001,0.000792313756247474,0.792
Male,24,2008,0.001165,0.001165679008022173,1.165
Male,25,2008,0.000873,0.0008733812309072909,0.873
Male,26,2008,0.0008,0.0008003201280512205,0.8
Male,27,2008,0.0008259999999999999,0.0008263412789482055,0.826
Male,28,2008,0.000941,0.000941442948907461,0.941
Male,29,2008,0.0008399999999999999,0.00084035294823826,0.84
Male,30,2008,0.00048699999999999997,0.00048711861338235856,0.487
Male,31,2008,0.000739,0.0007392731614331495,0.739
Male,32,2008,0.000741,0.0007412746422549555,0.741
Male,33,2008,0.001036,0.0010365369261277342,1.036
Male,34,2008,0.000884,0.000884390900778144,0.884
Male,35,2008,0.00083,0.0008303445930060976,0.83
Male,36,2008,0.000894,0.000894399796709129,0.894
Male,37,2008,0.00065,0.0006502113186785706,0.65
Male,38,2008,0.001338,0.001338895721237508,1.338
Male,39,2008,0.001322,0.0013228744199916145,1.322
Male,40,2008,0.001313,0.0013138625507645768,1.313
Male,41,2008,0.001297,0.0012978416503102261,1.297
Male,42,2008,0.001137,0.0011376467521786134,1.137
Male,43,2008,0.001923,0.0019248507439903466,1.923
Male,44,2008,0.001871,0.001872751959458073,1.871
Male,45,2008,0.001754,0.0017555396082364232,1.754
Male,46,2008,0.00184,0.0018416943588101054,1.84
Male,47,2008,0.002075,0.0020771550483626765,2.075
Male,48,2008,0.002561,0.002564283565105117,2.561
Male,49,2008,0.002816,0.0028199705184900337,2.816
Male,50,2008,0.0028610000000000003,0.002865098523437778,2.861
Male,51,2008,0.002847,0.0028510584817487694,2.847
Male,52,2008,0.0039239999999999995,0.003931714022912955,3.924
Male,53,2008,0.004327,0.004336381761941961,4.327
Male,54,2008,0.004599,0.004609599774681881,4.599
Male,55,2008,0.0045179999999999994,0.004528229269920751,4.518
Male,56,2008,0.005031,0.0050436873956437416,5.031
Male,57,2008,0.00611,0.006128723249527306,6.11
Male,58,2008,0.00614,0.006158907847090568,6.14
Male,59,2008,0.0069500000000000004,0.006974235468252177,6.95
Male,60,2008,0.007575999999999999,0.0076048070089499015,7.576
Male,61,2008,0.008093,0.008125881379000123,8.093
Male,62,2008,0.010117000000000001,0.010168437038760572,10.117
Male,63,2008,0.011340999999999999,0.011405675885106496,11.341
Male,64,2008,0.012097,0.012170613958528158,12.097
Male,65,2008,0.012865,0.012948289874618482,12.865
Male,66,2008,0.016209,0.016341439193947347,16.209
Male,67,2008,0.01568,0.015803902596355425,15.68
Male,68,2008,0.017904,0.018065724364511104,17.904
Male,69,2008,0.017053000000000002,0.01719965283993975,17.053
Male,70,2008,0.021619,0.02185524426285938,21.619
Male,71,2008,0.023058,0.02332693624800323,23.058
Male,72,2008,0.025443,0.025770843789265137,25.443
Male,73,2008,0.030008,0.030465098335424712,30.008
Male,74,2008,0.031942,0.03246042545494086,31.942
Male,75,2008,0.036051,0.036712765962863596,36.051
Male,76,2008,0.040117,0.04093815804310767,40.117
Male,77,2008,0.045972,0.04705357343907047,45.972
Male,78,2008,0.054210999999999995,0.05572135519318898,54.211
Male,79,2008,0.062719,0.06474951233197455,62.719
Male,80,2008,0.065795,0.06803311955040961,65.795
Male,81,2008,0.06923699999999999,0.07171983304009864,69.237
Male,82,2008,0.085846,0.08969602236810624,85.846
Male,83,2008,0.089212,0.09337718260738502,89.212
Male,84,2008,0.104018,0.1097246703818918,104.018
Male,85,2008,0.113111,0.11989152515065804,113.111
Male,86,2008,0.13563399999999998,0.14550147342313685,135.634
Male,87,2008,0.15068399999999998,0.1629618734710563,150.684
Male,88,2008,0.16096700000000003,0.17505613004225595,160.967
Male,89,2008,0.16969399999999998,0.1854269176848024,169.694
Male,90,2008,0.184442,0.20317940820397914,184.442
Male,91,2008,0.23923599999999998,0.271741130554691,239.236
Male,92,2008,0.242333,0.27574392646616225,242.333
Male,93,2008,0.249421,0.28495829094259667,249.421
Male,94,2008,0.29883499999999996,0.351329823973571,298.835
Male,95,2008,0.306674,0.3622149544742123,306.674
Male,96,2008,0.335887,0.40368292297458164,335.887
Male,97,2008,0.298516,0.350888988671066,298.516
Male,98,2008,0.392869,0.4889072514935,392.869
Male,99,2008,0.395586,0.49312209940825746,395.586
Male,100,2008,0.374544,0.46084790975578543,374.544
Male,101,2008,0.5926,0.8421202216853774,592.6
Male,102,2008,0.42248399999999997,0.5356319682336026,422.484
Male,103,2008,0.0,0.0,0.0
Male,104,2008,0.40651299999999996,0.5102181567844607,406.513
Male,105,2008,0.26485899999999996,0.305288158138157,264.859
Male,106,2008,1.0,2.0,1000.0
Male,0,2009,0.003764,0.003771097204939697,3.764
Male,1,2009,0.00029,0.00029004205609813423,0.29
Male,2,2009,0.000194,0.00019401881982552307,0.194
Male,3,2009,9.800000000000001e-05,9.800480223530953e-05,0.098
Male,4,2009,6.6e-05,6.600217807187637e-05,0.066
Male,5,2009,0.00019800000000000002,0.00019801960394079014,0.198
Male,6,2009,0.000134,0.0001340089786015663,0.134
Male,7,2009,0.0001,0.00010000500025001251,0.1
Male,8,2009,3.2e-05,3.200051200819213e-05,0.032
Male,9,2009,0.000126,0.00012600793850012552,0.126
Male,10,2009,9.5e-05,9.500451271435394e-05,0.095
Male,11,2009,6.3e-05,6.300198456251371e-05,0.063
Male,12,2009,0.000183,0.00018301674603226197,0.183
Male,13,2009,2.9999999999999997e-05,3.00004500067501e-05,0.03
Male,14,2009,9.2e-05,9.200423219468096e-05,0.092
Male,15,2009,0.000123,0.0001230075649652454,0.123
Male,16,2009,0.000397,0.0003970788201457989,0.397
Male,17,2009,0.00051,0.0005101300831712087,0.51
Male,18,2009,0.000718,0.0007182578545697905,0.718
Male,19,2009,0.00085,0.0008503614035965285,0.85
Male,20,2009,0.000841,0.0008413537892683874,0.841
Male,21,2009,0.000678,0.0006782299199428606,0.678
Male,22,2009,0.0006630000000000001,0.0006632198573827225,0.663
Male,23,2009,0.0005,0.0005001250312578144,0.5
Male,24,2009,0.000973,0.0009734735949039207,0.973
Male,25,2009,0.0007650000000000001,0.0007652927244671087,0.765
Male,26,2009,0.000585,0.0005851711625650503,0.585
Male,27,2009,0.000969,0.0009694697080735616,0.969
Male,28,2009,0.00109,0.001090594373933794,1.09
Male,29,2009,0.000977,0.0009774774977576546,0.977
Male,30,2009,0.0006929999999999999,0.0006932402077319791,0.693
Male,31,2009,0.001142,0.0011426524545515488,1.142
Male,32,2009,0.0009739999999999999,0.000974474569115159,0.974
Male,33,2009,0.000758,0.0007582873909211591,0.758
Male,34,2009,0.000902,0.0009024069855504833,0.902
Male,35,2009,0.000955,0.0009554562303499922,0.955
Male,36,2009,0.001202,0.001202722836424691,1.202
Male,37,2009,0.001017,0.0010175174076017654,1.017
Male,38,2009,0.000991,0.0009914912839311877,0.991
Male,39,2009,0.0010860000000000002,0.0010865900183799804,1.086
Male,40,2009,0.001153,0.0011536650879231877,1.153
Male,41,2009,0.001542,0.0015431897993352873,1.542
Male,42,2009,0.001501,0.0015021273465736034,1.501
Male,43,2009,0.0018549999999999999,0.0018567221097567992,1.855
Male,44,2009,0.0014750000000000002,0.0014760886153538236,1.475
Male,45,2009,0.0016619999999999998,0.0016633822706669241,1.662
Male,46,2009,0.001658,0.001659375622390962,1.658
Male,47,2009,0.002009,0.002011020069659973,2.009
Male,48,2009,0.0025150000000000003,0.0025181665944925746,2.515
Male,49,2009,0.002614,0.002617420969206753,2.614
Male,50,2009,0.002928,0.0029322928767715937,2.928
Male,51,2009,0.0031030000000000003,0.003107821785500204,3.103
Male,52,2009,0.003745,0.003752025668063449,3.745
Male,53,2009,0.003926,0.003933721896082009,3.926
Male,54,2009,0.004495,0.004505125269042172,4.495
Male,55,2009,0.004967,0.004979366256097017,4.967
Male,56,2009,0.005225,0.005238686067350954,5.225
Male,57,2009,0.005823,0.005840003169227205,5.823
Male,58,2009,0.006450999999999999,0.006471875032918678,6.451
Male,59,2009,0.00739,0.007417407320047576,7.39
Male,60,2009,0.007935,0.00796660751531702,7.935
Male,61,2009,0.008298,0.00833257184056651,8.298
Male,62,2009,0.009823,0.009871483792647589,9.823
Male,63,2009,0.010163,0.010214907050175467,10.163
Male,64,2009,0.011254,0.01131768461130783,11.254
Male,65,2009,0.012288,0.012363964196020349,12.288
Male,66,2009,0.014276,0.014378634694448977,14.276
Male,67,2009,0.016361,0.01649594507871644,16.361
Male,68,2009,0.017293,0.017443828059314867,17.293
Male,69,2009,0.018513,0.01868596665029849,18.513
Male,70,2009,0.017677,0.017834631389536414,17.677
Male,71,2009,0.023541,0.023821389667076323,23.541
Male,72,2009,0.024015,0.02430686467761648,24.015
Male,73,2009,0.029677,0.0301239948982984,29.677
Male,74,2009,0.031844000000000004,0.03235922355748223,31.844
Male,75,2009,0.034901,0.03552085671001817,34.901
Male,76,2009,0.037361,0.038072207879289055,37.361
Male,77,2009,0.044366,0.045372498125927446,44.366
Male,78,2009,0.053814,0.05530201121578308,53.814
Male,79,2009,0.052653,0.05407664889719192,52.653
Male,80,2009,0.061936,0.06391532993750464,61.936
Male,81,2009,0.069669,0.07218347526926729,69.669
Male,82,2009,0.080288,0.08364588021536563,80.288
Male,83,2009,0.09117499999999999,0.09552997262713972,91.175
Male,84,2009,0.095303,0.1000715599384049,95.303
Male,85,2009,0.118316,0.1257554403396107,118.316
Male,86,2009,0.123335,0.13144061406804092,123.335
Male,87,2009,0.139334,0.14976787881328515,139.334
Male,88,2009,0.151617,0.16405366203865757,151.617
Male,89,2009,0.16929,0.1849446389652102,169.29
Male,90,2009,0.192452,0.21294261618501972,192.452
Male,91,2009,0.199609,0.2217396110067202,199.609
Male,92,2009,0.226446,0.255358449756816,226.446
Male,93,2009,0.255008,0.2922741193082834,255.008
Male,94,2009,0.261279,0.3005416050073588,261.279
Male,95,2009,0.289358,0.33830339720409064,289.358
Male,96,2009,0.308284,0.36446306590467903,308.284
Male,97,2009,0.296821,0.34854938911294703,296.821
Male,98,2009,0.373454,0.4591988176172085,373.454
Male,99,2009,0.342791,0.4136967636550369,342.791
Male,100,2009,0.38338900000000004,0.47431200208337077,383.389
Male,101,2009,0.369687,0.45351659466617755,369.687
Male,102,2009,0.42248399999999997,0.5356319682336026,422.484
Male,103,2009,0.435282,0.5563711799825911,435.282
Male,104,2009,0.40651299999999996,0.5102181567844607,406.513
Male,105,2009,0.602705,0.862673952171875,602.705
Male,106,2009,1.0,2.0,1000.0
Male,0,2010,0.0030529999999999997,0.0030576675294837568,3.053
Male,1,2010,0.000156,0.00015601216894917805,0.156
Male,2,2010,9.5e-05,9.500451271435394e-05,0.095
Male,3,2010,0.000128,0.00012800819252432156,0.128
Male,4,2010,3.2e-05,3.200051200819213e-05,0.032
Male,5,2010,6.6e-05,6.600217807187637e-05,0.066
Male,6,2010,9.800000000000001e-05,9.800480223530953e-05,0.098
Male,7,2010,6.7e-05,6.700224457519328e-05,0.067
Male,8,2010,0.000133,0.00013300884508819837,0.133
Male,9,2010,9.6e-05,9.600460822119463e-05,0.096
Male,10,2010,0.000126,0.00012600793850012552,0.126
Male,11,2010,3.1e-05,3.1000480507447865e-05,0.031
Male,12,2010,0.000156,0.00015601216894917805,0.156
Male,13,2010,0.000152,0.00015201155287801872,0.152
Male,14,2010,0.000241,0.00024102904399980198,0.241
Male,15,2010,0.000121,0.00012100732094291705,0.121
Male,16,2010,0.000305,0.0003050465195942381,0.305
Male,17,2010,0.000331,0.0003310547895676735,0.331
Male,18,2010,0.000415,0.00041508613037205224,0.415
Male,19,2010,0.000652,0.0006522126213145486,0.652
Male,20,2010,0.0011719999999999999,0.0011726871946960917,1.172
Male,21,2010,0.000584,0.0005841705778087201,0.584
Male,22,2010,0.000794,0.0007943153431912469,0.794
Male,23,2010,0.0006810000000000001,0.0006812319594822038,0.681
Male,24,2010,0.0008100000000000001,0.0008103281829140803,0.81
Male,25,2010,0.000879,0.0008793864903625144,0.879
Male,26,2010,0.00103,0.0010305307233225112,1.03
Male,27,2010,0.000819,0.0008193355178945777,0.819
Male,28,2010,0.001163,0.0011636766779882502,1.163
Male,29,2010,0.000781,0.00078130509964141,0.781
Male,30,2010,0.000832,0.0008323462560425137,0.832
Male,31,2010,0.000864,0.0008643734093128231,0.864
Male,32,2010,0.0005600000000000001,0.0005601568439162966,0.56
Male,33,2010,0.000772,0.0007722981070693288,0.772
Male,34,2010,0.000985,0.0009854853515356313,0.985
Male,35,2010,0.000834,0.000834347923083926,0.834
Male,36,2010,0.0009170000000000001,0.0009174206373622307,0.917
Male,37,2010,0.000812,0.0008123298059011959,0.812
Male,38,2010,0.000903,0.0009034078886617309,0.903
Male,39,2010,0.00085,0.0008503614035965285,0.85
Male,40,2010,0.0012629999999999998,0.0012637980884928832,1.263
Male,41,2010,0.0011719999999999999,0.0011726871946960917,1.172
Male,42,2010,0.00111,0.0011106163920976142,1.11
Male,43,2010,0.00152,0.001521156078619751,1.52
Male,44,2010,0.001607,0.0016082922628331863,1.607
Male,45,2010,0.00174,0.001741515118152793,1.74
Male,46,2010,0.001683,0.0016844174372734658,1.683
Male,47,2010,0.002233,0.002235495931207193,2.233
Male,48,2010,0.002387,0.002389852288706571,2.387
Male,49,2010,0.002664,0.002667553180836875,2.664
Male,50,2010,0.00264,0.002643489406015941,2.64
Male,51,2010,0.003439,0.0034449235460374114,3.439
Male,52,2010,0.003626,0.003632585878197171,3.626
Male,53,2010,0.003686,0.0036928058411652676,3.686
Male,54,2010,0.004122,0.0041305129872667564,4.122
Male,55,2010,0.00521,0.005223607497531068,5.21
Male,56,2010,0.005345,0.005359322790156693,5.345
Male,57,2010,0.004982,0.004994441152911904,4.982
Male,58,2010,0.006391,0.006411487909615175,6.391
Male,59,2010,0.0071059999999999995,0.007131337642644315,7.106
Male,60,2010,0.006789,0.006812123754083235,6.789
Male,61,2010,0.008334,0.008368873094183462,8.334
Male,62,2010,0.009474999999999999,0.009520101480765123,9.475
Male,63,2010,0.010848,0.010907160438216889,10.848
Male,64,2010,0.011715,0.011784024926004067,11.715
Male,65,2010,0.013558,0.013650536990256952,13.558
Male,66,2010,0.014954,0.015066653367226754,14.954
Male,67,2010,0.015465999999999999,0.015586530641450333,15.466
Male,68,2010,0.017655,0.01781223752676754,17.655
Male,69,2010,0.016878,0.017021645667790485,16.878
Male,70,2010,0.019868,0.020067349045417175,19.868
Male,71,2010,0.024524,0.024828446409877924,24.524
Male,72,2010,0.023382999999999998,0.02365961640520141,23.383
Male,73,2010,0.027136,0.027509245442159217,27.136
Male,74,2010,0.028605000000000002,0.029020059399562242,28.605
Male,75,2010,0.036771,0.03745971560118559,36.771
Male,76,2010,0.039439,0.040232362063715436,39.439
Male,77,2010,0.044742,0.04576582732304381,44.742
Male,78,2010,0.047904,0.04907955346458371,47.904
Male,79,2010,0.053083,0.0545303163925324,53.083
Male,80,2010,0.061973999999999994,0.06395579832262312,61.974
Male,81,2010,0.070382,0.07294915366668428,70.382
Male,82,2010,0.078633,0.08185109872294048,78.633
Male,83,2010,0.088691,0.09280655299587875,88.691
Male,84,2010,0.098392,0.10348294706374815,98.392
Male,85,2010,0.108497,0.11472041017117075,108.497
Male,86,2010,0.122036,0.1299662826337459,122.036
Male,87,2010,0.132601,0.14201678377250923,132.601
Male,88,2010,0.146725,0.15834131469965332,146.725
Male,89,2010,0.167113,0.1823494847200073,167.113
Male,90,2010,0.191066,0.21124706595154938,191.066
Male,91,2010,0.204238,0.22746666874563556,204.238
Male,92,2010,0.22428399999999998,0.25261246730896153,224.284
Male,93,2010,0.262885,0.3026685049636898,262.885
Male,94,2010,0.285697,0.3333098057927915,285.697
Male,95,2010,0.2697,0.31173784892793155,269.7
Male,96,2010,0.293603,0.3441203893349555,293.603
Male,97,2010,0.363262,0.44388533778772166,363.262
Male,98,2010,0.30666899999999997,0.362207979420444,306.669
Male,99,2010,0.421675,0.5343322826414079,421.675
Male,100,2010,0.465822,0.6072593923260534,465.822
Male,101,2010,0.408594,0.5135006403142881,408.594
Male,102,2010,0.447108,0.5758391439971356,447.108
Male,103,2010,0.454504,0.5881658703743006,454.504
Male,104,2010,0.173435,0.1899029051799416,173.435
Male,105,2010,0.550671,0.7598978561803428,550.671
Male,106,2010,1.0,2.0,1000.0
Male,0,2011,0.002933,0.002937307561538997,2.933
Male,1,2011,0.000217,0.00021702354705485543,0.217
Male,2,2011,6.2e-05,6.200192205958386e-05,0.062
Male,3,2011,9.5e-05,9.500451271435394e-05,0.095
Male,4,2011,0.00015900000000000002,0.00015901264150499966,0.159
Male,5,2011,0.000161,0.00016101296154340426,0.161
Male,6,2011,3.3e-05,3.30005445089844e-05,0.033
Male,7,2011,6.500000000000001e-05,6.50021125686585e-05,0.065
Male,8,2011,0.000199,0.00019901980247034583,0.199
Male,9,2011,0.0,0.0,0.0
Male,10,2011,3.2e-05,3.200051200819213e-05,0.032
Male,11,2011,9.4e-05,9.400441820765575e-05,0.094
Male,12,2011,3.1e-05,3.1000480507447865e-05,0.031
Male,13,2011,0.000186,0.00018601729960886362,0.186
Male,14,2011,9.1e-05,9.100414068840133e-05,0.091
Male,15,2011,0.00020999999999999998,0.0002100220523154931,0.21
Male,16,2011,0.000391,0.0003910764554470399,0.391
Male,17,2011,0.000602,0.000602181256558224,0.602
Male,18,2011,0.0009519999999999999,0.0009524533678030743,0.952
Male,19,2011,0.000705,0.0007052486001315464,0.705
Male,20,2011,0.000615,0.000615189170669981,0.615
Male,21,2011,0.001066,0.0010665684810003734,1.066
Male,22,2011,0.000902,0.0009024069855504833,0.902
Male,23,2011,0.000743,0.0007432761270812106,0.743
Male,24,2011,0.000627,0.0006271966261422956,0.627
Male,25,2011,0.000594,0.0005941764704117123,0.594
Male,26,2011,0.00066,0.0006602178718977263,0.66
Male,27,2011,0.00087,0.0008703786146973933,0.87
Male,28,2011,0.000944,0.0009444457784074083,0.944
Male,29,2011,0.000671,0.000671225196053276,0.671
Male,30,2011,0.0009419999999999999,0.0009424438910726952,0.942
Male,31,2011,0.0011120000000000001,0.0011126186159504687,1.112
Male,32,2011,0.0010229999999999998,0.0010235235322867645,1.023
Male,33,2011,0.000852,0.0008523631066834472,0.852
Male,34,2011,0.000847,0.0008473588564757175,0.847
Male,35,2011,0.001173,0.0011736883682279657,1.173
Male,36,2011,0.001046,0.0010465473442610486,1.046
Male,37,2011,0.00085,0.0008503614035965285,0.85
Male,38,2011,0.000749,0.0007492806055867923,0.749
Male,39,2011,0.0012079999999999999,0.0012087300729640702,1.208
Male,40,2011,0.001236,0.0012367643203499762,1.236
Male,41,2011,0.001356,0.0013569199917544093,1.356
Male,42,2011,0.001163,0.0011636766779882502,1.163
Male,43,2011,0.001601,0.0016022826272431082,1.601
Male,44,2011,0.001325,0.001325878394436314,1.325
Male,45,2011,0.001812,0.0018136431607035973,1.812
Male,46,2011,0.002163,0.002165341817175275,2.163
Male,47,2011,0.002291,0.0022936273501295737,2.291
Male,48,2011,0.002281,0.0022836044508762242,2.281
Male,49,2011,0.002822,0.0028259874683177963,2.822
Male,50,2011,0.0028079999999999997,0.002811947974956839,2.808
Male,51,2011,0.002876,0.0028801416436836174,2.876
Male,52,2011,0.003285,0.0032904044893737965,3.285
Male,53,2011,0.00387,0.0038775029682435514,3.87
Male,54,2011,0.003658,0.003664702741313863,3.658
Male,55,2011,0.004876999999999999,0.004888921635407942,4.877
Male,56,2011,0.004872,0.004883897173514682,4.872
Male,57,2011,0.005627,0.005642876232279518,5.627
Male,58,2011,0.006226,0.006245442061136318,6.226
Male,59,2011,0.006634,0.006656078211427305,6.634
Male,60,2011,0.007528,0.007556442449379464,7.528
Male,61,2011,0.007316,0.0073428601825477596,7.316
Male,62,2011,0.009191000000000001,0.009233432237849037,9.191
Male,63,2011,0.009372,0.009416123956861854,9.372
Male,64,2011,0.010563000000000001,0.01061908469582098,10.563
Male,65,2011,0.012416,0.012493560020607935,12.416
Male,66,2011,0.013785,0.013880672535450594,13.785
Male,67,2011,0.015769000000000002,0.015894318756233525,15.769
Male,68,2011,0.014586,0.014693157195426243,14.586
Male,69,2011,0.019296,0.019483981453059115,19.296
Male,70,2011,0.018053999999999997,0.018218458020551515,18.054
Male,71,2011,0.023032,0.023300326560672706,23.032
Male,72,2011,0.023734,0.02401903387499456,23.734
Male,73,2011,0.029692,0.030139450278839654,29.692
Male,74,2011,0.029378,0.029815966735375937,29.378
Male,75,2011,0.03651,0.03718888306026514,36.51
Male,76,2011,0.035795,0.036447315835159776,35.795
Male,77,2011,0.042906,0.043846642011063336,42.906
Male,78,2011,0.046017,0.047100716843493526,46.017
Male,79,2011,0.056134,0.057755009861790885,56.134
Male,80,2011,0.058851999999999995,0.06063628327154858,58.852
Male,81,2011,0.07052599999999999,0.07310386146690756,70.526
Male,82,2011,0.073132,0.07590763871733819,73.132
Male,83,2011,0.082403,0.0859440226491802,82.403
Male,84,2011,0.106882,0.11291636337513034,106.882
Male,85,2011,0.107398,0.11349242999848884,107.398
Male,86,2011,0.121999,0.12992431846415417,121.999
Male,87,2011,0.140177,0.1507423018211948,140.177
Male,88,2011,0.144944,0.15626913688858987,144.944
Male,89,2011,0.16443000000000002,0.17915960709752288,164.43
Male,90,2011,0.17563900000000002,0.1925485142469062,175.639
Male,91,2011,0.203863,0.22700161513292136,203.863
Male,92,2011,0.217861,0.24449383577824177,217.861
Male,93,2011,0.230207,0.2601513284321952,230.207
Male,94,2011,0.27476799999999996,0.31852875439361195,274.768
Male,95,2011,0.295025,0.34607545565184233,295.025
Male,96,2011,0.35438,0.430694814112614,354.38
Male,97,2011,0.261563,0.30091743330359394,261.563
Male,98,2011,0.36449400000000004,0.44572627676083126,364.494
Male,99,2011,0.339373,0.4087287512487753,339.373
Male,100,2011,0.35882,0.4372707442206217,358.82
Male,101,2011,0.353617,0.4295683325204403,353.617
Male,102,2011,0.39895800000000003,0.49837293462632465,398.958
Male,103,2011,0.234072,0.26509801079092693,234.072
Male,104,2011,0.516775,0.696826172698006,516.775
Male,105,2011,0.550671,0.7598978561803428,550.671
Male,106,2011,1.0,2.0,1000.0
Male,0,2012,0.002798,0.002801919885920403,2.798
Male,1,2012,0.000251,0.00025103150445380894,0.251
Male,2,2012,9.2e-05,9.200423219468096e-05,0.092
Male,3,2012,0.000153,0.00015301170539546276,0.153
Male,4,2012,0.0,0.0,0.0
Male,5,2012,0.000221,0.00022102442319876347,0.221
Male,6,2012,0.0,0.0,0.0
Male,7,2012,6.500000000000001e-05,6.50021125686585e-05,0.065
Male,8,2012,9.7e-05,9.700470472817932e-05,0.097
Male,9,2012,3.3e-05,3.30005445089844e-05,0.033
Male,10,2012,0.000132,0.00013200871257502996,0.132
Male,11,2012,9.5e-05,9.500451271435394e-05,0.095
Male,12,2012,9.3e-05,9.300432470109859e-05,0.093
Male,13,2012,6.2e-05,6.200192205958386e-05,0.062
Male,14,2012,0.000216,0.00021602333051969611,0.216
Male,15,2012,0.00017999999999999998,0.00018001620145813123,0.18
Male,16,2012,0.00026700000000000004,0.00026703564925917615,0.267
Male,17,2012,0.00020899999999999998,0.00020902184278257074,0.209
Male,18,2012,0.000537,0.0005371442232239357,0.537
Male,19,2012,0.00029499999999999996,0.0002950435189190405,0.295
Male,20,2012,0.0006670000000000001,0.0006672225187099899,0.667
Male,21,2012,0.000694,0.0006942409015928526,0.694
Male,22,2012,0.000726,0.0007262636336990327,0.726
Male,23,2012,0.000499,0.0004991245315706269,0.499
Male,24,2012,0.00057,0.0005701624963114487,0.57
Male,25,2012,0.000815,0.0008153322478910155,0.815
Male,26,2012,0.000632,0.0006321997751289407,0.632
Male,27,2012,0.000575,0.0005751653600410117,0.575
Male,28,2012,0.00066,0.0006602178718977263,0.66
Male,29,2012,0.000648,0.000648210020046495,0.648
Male,30,2012,0.001035,0.0010355358898229833,1.035
Male,31,2012,0.0006490000000000001,0.0006492106688620457,0.649
Male,32,2012,0.000907,0.0009074115111202931,0.907
Male,33,2012,0.000734,0.0007342694768980216,0.734
Male,34,2012,0.000862,0.0008623716821950261,0.862
Male,35,2012,0.0007700000000000001,0.0007702965641772083,0.77
Male,36,2012,0.000979,0.0009794794551933172,0.979
Male,37,2012,0.0007790000000000001,0.0007793035387283348,0.779
Male,38,2012,0.001163,0.0011636766779882502,1.163
Male,39,2012,0.0012410000000000001,0.0012417705186067956,1.241
Male,40,2012,0.0010129999999999998,0.0010135133445089936,1.013
Male,41,2012,0.001432,0.001433026046649401,1.432
Male,42,2012,0.000982,0.0009824823988578391,0.982
Male,43,2012,0.0013080000000000001,0.0013088559918186496,1.308
Male,44,2012,0.001303,0.001303849457921836,1.303
Male,45,2012,0.0017130000000000001,0.0017144684422207622,1.713
Male,46,2012,0.001908,0.0019098219701595323,1.908
Male,47,2012,0.002047,0.0020490972510364357,2.047
Male,48,2012,0.001921,0.0019228468944421117,1.921
Male,49,2012,0.0019,0.0019018067163805615,1.9
Male,50,2012,0.002816,0.0028199705184900337,2.816
Male,51,2012,0.0030110000000000002,0.003015539895312393,3.011
Male,52,2012,0.0037400000000000003,0.003747006902908439,3.74
Male,53,2012,0.003913,0.003920670792405341,3.913
Male,54,2012,0.0038410000000000002,0.0038483908345978454,3.841
Male,55,2012,0.004437,0.004446865370825176,4.437
Male,56,2012,0.004511,0.004521197561099059,4.511
Male,57,2012,0.005082,0.0050949462584427025,5.082
Male,58,2012,0.005618000000000001,0.005633825415592399,5.618
Male,59,2012,0.0069240000000000005,0.006948054163514086,6.924
Male,60,2012,0.0076630000000000005,0.00769247371303148,7.663
Male,61,2012,0.009314,0.009357578241872399,9.314
Male,62,2012,0.008594,0.008631087784208744,8.594
Male,63,2012,0.009691,0.009738186382114536,9.691
Male,64,2012,0.010727,0.010784844513548417,10.727
Male,65,2012,0.010955999999999999,0.011016347551889247,10.956
Male,66,2012,0.014015000000000001,0.014113903176509391,14.015
Male,67,2012,0.015429,0.015548952393237631,15.429
Male,68,2012,0.015938,0.016066030194620936,15.938
Male,69,2012,0.016023,0.0161524049925982,16.023
Male,70,2012,0.018458,0.0186299356763571,18.458
Male,71,2012,0.021341000000000002,0.021571175225240935,21.341
Male,72,2012,0.025047,0.025364654247468168,25.047
Male,73,2012,0.025468,0.025796492535952825,25.468
Male,74,2012,0.026123999999999998,0.026469747846369275,26.124
Male,75,2012,0.032494,0.0330306489535483,32.494
Male,76,2012,0.033274,0.0338369452582617,33.274
Male,77,2012,0.041045000000000005,0.0419049952653328,41.045
Male,78,2012,0.047307,0.04845308504716307,47.307
Male,79,2012,0.054768,0.05630999284404122,54.768
Male,80,2012,0.058195000000000004,0.0599390773017888,58.195
Male,81,2012,0.068343,0.07076100984802168,68.343
Male,82,2012,0.079529,0.0828223909655496,79.529
Male,83,2012,0.088712,0.09282954740468208,88.712
Male,84,2012,0.09643399999999999,0.10131931333087478,96.434
Male,85,2012,0.105321,0.11117556060947527,105.321
Male,86,2012,0.116649,0.12387388224499842,116.649
Male,87,2012,0.13259100000000001,0.14200531324417953,132.591
Male,88,2012,0.145341,0.15673069820382074,145.341
Male,89,2012,0.169266,0.18491599544226522,169.266
Male,90,2012,0.19462000000000002,0.21560003988080073,194.62
Male,91,2012,0.200273,0.22255931038429716,200.273
Male,92,2012,0.239318,0.27184693204110677,239.318
Male,93,2012,0.24870699999999998,0.2840267162605001,248.707
Male,94,2012,0.260306,0.29925492644108675,260.306
Male,95,2012,0.30096,0.35427064695357374,300.96
Male,96,2012,0.313095,0.37120644019669163,313.095
Male,97,2012,0.319717,0.38055137140588813,319.717
Male,98,2012,0.38184300000000004,0.47194802482083015,381.843
Male,99,2012,0.302252,0.3560622660135662,302.252
Male,100,2012,0.286341,0.3341866730778994,286.341
Male,101,2012,0.32968000000000003,0.39475070645145843,329.68
Male,102,2012,0.258075,0.2963101166812578,258.075
Male,103,2012,0.571937,0.8009968747877371,571.937
Male,104,2012,0.6321209999999999,0.9242352576507131,632.121
Male,105,2012,0.26485899999999996,0.305288158138157,264.859
Male,106,2012,1.0,2.0,1000.0
Male,0,2013,0.002218,0.002220462492904631,2.218
Male,1,2013,0.000222,0.00022202464473556564,0.222
Male,2,2013,0.000124,0.00012400768847668555,0.124
Male,3,2013,2.9999999999999997e-05,3.00004500067501e-05,0.03
Male,4,2013,9.1e-05,9.100414068840133e-05,0.091
Male,5,2013,6.2e-05,6.200192205958386e-05,0.062
Male,6,2013,9.4e-05,9.400441820765575e-05,0.094
Male,7,2013,0.0,0.0,0.0
Male,8,2013,9.6e-05,9.600460822119463e-05,0.096
Male,9,2013,6.4e-05,6.40020480655381e-05,0.064
Male,10,2013,6.500000000000001e-05,6.50021125686585e-05,0.065
Male,11,2013,9.800000000000001e-05,9.800480223530953e-05,0.098
Male,12,2013,9.5e-05,9.500451271435394e-05,0.095
Male,13,2013,3.1e-05,3.1000480507447865e-05,0.031
Male,14,2013,3.1e-05,3.1000480507447865e-05,0.031
Male,15,2013,9.2e-05,9.200423219468096e-05,0.092
Male,16,2013,0.000208,0.00020802163424996198,0.208
Male,17,2013,0.000382,0.00038207297593840427,0.382
Male,18,2013,0.0005620000000000001,0.0005621579663885553,0.562
Male,19,2013,0.000503,0.0005031265363238854,0.503
Male,20,2013,0.000612,0.0006121873293227728,0.612
Male,21,2013,0.00040100000000000004,0.0004010804166235331,0.401
Male,22,2013,0.0007099999999999999,0.0007102521395095258,0.71
Male,23,2013,0.00045400000000000003,0.0004541030813994777,0.454
Male,24,2013,0.000857,0.0008573673819231542,0.857
Male,25,2013,0.0006979999999999999,0.0006982436870467793,0.698
Male,26,2013,0.000643,0.0006432067909833011,0.643
Male,27,2013,0.000786,0.0007863090194446418,0.786
Male,28,2013,0.000587,0.000587172335080346,0.587
Male,29,2013,0.0008719999999999999,0.0008723803578360164,0.872
Male,30,2013,0.000687,0.0006872360655885296,0.687
Male,31,2013,0.0007199999999999999,0.0007202592933456043,0.72
Male,32,2013,0.000634,0.0006342010417302285,0.634
Male,33,2013,0.0007149999999999999,0.0007152557039141492,0.715
Male,34,2013,0.0011220000000000002,0.001122629795315172,1.122
Male,35,2013,0.000934,0.0009344363817902961,0.934
Male,36,2013,0.00102,0.0010205204654373731,1.02
Male,37,2013,0.000795,0.0007953161381649206,0.795
Male,38,2013,0.001018,0.0010185184258787723,1.018
Male,39,2013,0.001016,0.0010165163903262857,1.016
Male,40,2013,0.000994,0.0009944942636490337,0.994
Male,41,2013,0.001391,0.001391968113823164,1.391
Male,42,2013,0.001474,0.0014750871392216064,1.474
Male,43,2013,0.001387,0.0013879625520298326,1.387
Male,44,2013,0.0014290000000000001,0.0014300217505407616,1.429
Male,45,2013,0.0012980000000000001,0.0012988429490739491,1.298
Male,46,2013,0.001498,0.001499122843009414,1.498
Male,47,2013,0.001771,0.0017725696103900004,1.771
Male,48,2013,0.002419,0.002421929323516794,2.419
Male,49,2013,0.002528,0.002531199436087214,2.528
Male,50,2013,0.002561,0.002564283565105117,2.561
Male,51,2013,0.0027280000000000004,0.002731726074365435,2.728
Male,52,2013,0.0028929999999999997,0.0028971907864726323,2.893
Male,53,2013,0.003383,0.003388732040246076,3.383
Male,54,2013,0.004341,0.004350442635740875,4.341
Male,55,2013,0.004715,0.004726141879480876,4.715
Male,56,2013,0.00439,0.00439965724765861,4.39
Male,57,2013,0.005817999999999999,0.005834973939189101,5.818
Male,58,2013,0.0064340000000000005,0.006454764978937242,6.434
Male,59,2013,0.007365999999999999,0.007393229263377017,7.366
Male,60,2013,0.007311,0.007337823413488005,7.311
Male,61,2013,0.008175,0.008208552458172782,8.175
Male,62,2013,0.008529,0.008565527692846143,8.529
Male,63,2013,0.009378000000000001,0.009422180604856173,9.378
Male,64,2013,0.009898,0.009947228835506925,9.898
Male,65,2013,0.011224999999999999,0.011288355897474575,11.225
Male,66,2013,0.013434,0.01352484639322328,13.434
Male,67,2013,0.014621,0.014728673971065474,14.621
Male,68,2013,0.015681,0.015804918463210804,15.681
Male,69,2013,0.017908999999999998,0.018070815113937752,17.909
Male,70,2013,0.017038,0.017184393851218532,17.038
Male,71,2013,0.019852,0.020051026488929112,19.852
Male,72,2013,0.022663,0.022922749131786845,22.663
Male,73,2013,0.02568,0.026014020017018517,25.68
Male,74,2013,0.030465,0.030936236218193632,30.465
Male,75,2013,0.030049,0.030507357797224396,30.049
Male,76,2013,0.037689999999999994,0.03841391013652277,37.69
Male,77,2013,0.039534,0.04033122737145148,39.534
Male,78,2013,0.047437,0.04858946932826239,47.437
Male,79,2013,0.050946,0.05227766906406903,50.946
Male,80,2013,0.057326,0.05901762210231876,57.326
Male,81,2013,0.06465900000000001,0.06681923237300301,64.659
Male,82,2013,0.077209,0.08030930038678151,77.209
Male,83,2013,0.08258700000000001,0.0861441953298533,82.587
Male,84,2013,0.098683,0.10380488892699115,98.683
Male,85,2013,0.101422,0.10683996127628151,101.422
Male,86,2013,0.118107,0.12551935737047748,118.107
Male,87,2013,0.126848,0.13543802104687713,126.848
Male,88,2013,0.134726,0.14445706100015335,134.726
Male,89,2013,0.168743,0.18429199178487785,168.743
Male,90,2013,0.173041,0.1894306330902883,173.041
Male,91,2013,0.195858,0.2171203818768146,195.858
Male,92,2013,0.224793,0.2532583524062264,224.793
Male,93,2013,0.237834,0.2699337065860991,237.834
Male,94,2013,0.218281,0.2450229244903377,218.281
Male,95,2013,0.280574,0.3263577496210945,280.574
Male,96,2013,0.333555,0.4003192424592471,333.555
Male,97,2013,0.31365,0.3719868354730631,313.65
Male,98,2013,0.310407,0.3674340506855793,310.407
Male,99,2013,0.36691,0.4493444941797452,366.91
Male,100,2013,0.393469,0.489836797422521,393.469
Male,101,2013,0.43130900000000005,0.5498966973100503,431.309
Male,102,2013,0.390052,0.48455229609900446,390.052
Male,103,2013,0.234072,0.26509801079092693,234.072
Male,104,2013,0.234072,0.26509801079092693,234.072
Male,105,2013,0.550671,0.7598978561803428,550.671
Male,106,2013,1.0,2.0,1000.0
Male,0,2014,0.002629,0.002632460369155254,2.629
Male,1,2014,0.000257,0.00025703302874419365,0.257
Male,2,2014,0.000157,0.0001570123254675492,0.157
Male,3,2014,0.000123,0.0001230075649652454,0.123
Male,4,2014,5.9999999999999995e-05,6.0001800054001615e-05,0.06
Male,5,2014,0.000211,0.00021102226284873055,0.211
Male,6,2014,9.2e-05,9.200423219468096e-05,0.092
Male,7,2014,9.4e-05,9.400441820765575e-05,0.094
Male,8,2014,6.3e-05,6.300198456251371e-05,0.063
Male,9,2014,6.4e-05,6.40020480655381e-05,0.064
Male,10,2014,9.6e-05,9.600460822119463e-05,0.096
Male,11,2014,9.7e-05,9.700470472817932e-05,0.097
Male,12,2014,9.800000000000001e-05,9.800480223530953e-05,0.098
Male,13,2014,9.4e-05,9.400441820765575e-05,0.094
Male,14,2014,9.2e-05,9.200423219468096e-05,0.092
Male,15,2014,0.000123,0.0001230075649652454,0.123
Male,16,2014,0.000212,0.00021202247438228454,0.212
Male,17,2014,0.000265,0.00026503511715302274,0.265
Male,18,2014,0.000263,0.00026303458904845985,0.263
Male,19,2014,0.00044,0.00044009682130068616,0.44
Male,20,2014,0.00044,0.00044009682130068616,0.44
Male,21,2014,0.0005470000000000001,0.0005471496454280246,0.547
Male,22,2014,0.000593,0.000593175876647426,0.593
Male,23,2014,0.000808,0.0008083265639318285,0.808
Male,24,2014,0.000472,0.00047211141829471754,0.472
Male,25,2014,0.00064,0.0006402048655569783,0.64
Male,26,2014,0.000508,0.0005081290647824548,0.508
Male,27,2014,0.000937,0.0009374391902606371,0.937
Male,28,2014,0.000623,0.0006231941249699282,0.623
Male,29,2014,0.0009130000000000001,0.0009134169748490186,0.913
Male,30,2014,0.000709,0.0007092514296318045,0.709
Male,31,2014,0.0008129999999999999,0.0008133306188965814,0.813
Male,32,2014,0.001018,0.0010185184258787723,1.018
Male,33,2014,0.000482,0.00048211619000179044,0.482
Male,34,2014,0.0007880000000000001,0.0007883105943741835,0.788
Male,35,2014,0.000992,0.0009924922761689798,0.992
Male,36,2014,0.000519,0.0005191347154586616,0.519
Male,37,2014,0.001239,0.001239768036298487,1.239
Male,38,2014,0.000955,0.0009554562303499922,0.955
Male,39,2014,0.001389,0.0013899653309223257,1.389
Male,40,2014,0.0010869999999999999,0.0010875911057659838,1.087
Male,41,2014,0.000909,0.0009094133283577385,0.909
Male,42,2014,0.0011020000000000001,0.0011026075367527508,1.102
Male,43,2014,0.001261,0.0012617955621019052,1.261
Male,44,2014,0.001408,0.0014089919303189446,1.408
Male,45,2014,0.001754,0.0017555396082364232,1.754
Male,46,2014,0.001554,0.0015552083969244104,1.554
Male,47,2014,0.001415,0.0014160018212885617,1.415
Male,48,2014,0.0022429999999999998,0.0022455183488282104,2.243
Male,49,2014,0.002176,0.002178370066632496,2.176
Male,50,2014,0.002391,0.0023938618618558486,2.391
Male,51,2014,0.0031669999999999997,0.003172022898259393,3.167
Male,52,2014,0.002938,0.0029423222714167114,2.938
Male,53,2014,0.003317,0.0033225103834709866,3.317
Male,54,2014,0.003991,0.003998979964519198,3.991
Male,55,2014,0.004025,0.004033116647252596,4.025
Male,56,2014,0.005198,0.005211544804948061,5.198
Male,57,2014,0.004817999999999999,0.0048296345897266505,4.818
Male,58,2014,0.00519,0.0052035030905199,5.19
Male,59,2014,0.0052699999999999995,0.005283923137467226,5.27
Male,60,2014,0.007154,0.007179681721517869,7.154
Male,61,2014,0.007333999999999999,0.007360992760452579,7.334
Male,62,2014,0.008555,0.008591751215825696,8.555
Male,63,2014,0.008506999999999999,0.008543339092831358,8.507
Male,64,2014,0.009715,0.009762420959812288,9.715
Male,65,2014,0.010634000000000001,0.010690843213365466,10.634
Male,66,2014,0.012128,0.012201992884853753,12.128
Male,67,2014,0.01269,0.012771032199304588,12.69
Male,68,2014,0.015208000000000001,0.015324527708696934,15.208
Male,69,2014,0.017168,0.017316646090036875,17.168
Male,70,2014,0.018364000000000002,0.0185341808485514,18.364
Male,71,2014,0.019370000000000002,0.01955943310966713,19.37
Male,72,2014,0.022420000000000002,0.022674177530112565,22.42
Male,73,2014,0.024846,0.025158544599560337,24.846
Male,74,2014,0.028517,0.028929491149555942,28.517
Male,75,2014,0.032366,0.0328983947217826,32.366
Male,76,2014,0.034342,0.034941988891251684,34.342
Male,77,2014,0.039132,0.0399129365158695,39.132
Male,78,2014,0.041895,0.042791372270639214,41.895
Male,79,2014,0.049031,0.0502632281702067,49.031
Male,80,2014,0.053814999999999995,0.05530306728291503,53.815
Male,81,2014,0.06403700000000001,0.0661551899493947,64.037
Male,82,2014,0.07172400000000001,0.07439184017225751,71.724
Male,83,2014,0.078253,0.08143944025930573,78.253
Male,84,2014,0.08896899999999999,0.09311099610629027,88.969
Male,85,2014,0.09898799999999999,0.10414242519247642,98.988
Male,86,2014,0.10646,0.11244547250124107,106.46
Male,87,2014,0.12817099999999998,0.13694733867249623,128.171
Male,88,2014,0.13680199999999998,0.14684644358785268,136.802
Male,89,2014,0.149273,0.16131282463594035,149.273
Male,90,2014,0.183454,0.20198112241583754,183.454
Male,91,2014,0.212945,0.2383194697421176,212.945
Male,92,2014,0.214981,0.2408725061189825,214.981
Male,93,2014,0.232704,0.26334468023466356,232.704
Male,94,2014,0.287481,0.33574050857245963,287.481
Male,95,2014,0.287468,0.3357227777349562,287.468
Male,96,2014,0.284257,0.33135149028729827,284.257
Male,97,2014,0.29285300000000003,0.34309054814846063,292.853
Male,98,2014,0.366203,0.4482845788063021,366.203
Male,99,2014,0.335387,0.4029609284560435,335.387
Male,100,2014,0.392324,0.4880635152854182,392.324
Male,101,2014,0.32790199999999997,0.39220428467709423,327.902
Male,102,2014,0.413354,0.5210412404531319,413.354
Male,103,2014,0.617107,0.8924869820007765,617.107
Male,104,2014,0.459567,0.5966724940325221,459.567
Male,105,2014,0.0,0.0,0.0
Male,106,2014,1.0,2.0,1000.0
Male,0,2015,0.00262,0.0026234367020797245,2.62
Male,1,2015,0.000195,0.0001950190143538995,0.195
Male,2,2015,0.00016,0.00016001280102408193,0.16
Male,3,2015,0.000155,0.0001550120134310409,0.155
Male,4,2015,0.000122,0.00012200744245398969,0.122
Male,5,2015,5.9999999999999995e-05,6.0001800054001615e-05,0.06
Male,6,2015,5.9999999999999995e-05,6.0001800054001615e-05,0.06
Male,7,2015,0.000122,0.00012200744245398969,0.122
Male,8,2015,0.0,0.0,0.0
Male,9,2015,0.0,0.0,0.0
Male,10,2015,0.00015900000000000002,0.00015901264150499966,0.159
Male,11,2015,0.0,0.0,0.0
Male,12,2015,9.7e-05,9.700470472817932e-05,0.097
Male,13,2015,6.500000000000001e-05,6.50021125686585e-05,0.065
Male,14,2015,6.2e-05,6.200192205958386e-05,0.062
Male,15,2015,0.000152,0.00015201155287801872,0.152
Male,16,2015,9.1e-05,9.100414068840133e-05,0.091
Male,17,2015,0.000179,0.00017901602193396308,0.179
Male,18,2015,0.00046600000000000005,0.00046610860330457006,0.466
Male,19,2015,0.000521,0.0005211357558644027,0.521
Male,20,2015,0.000377,0.0003770710778981838,0.377
Male,21,2015,0.000578,0.0005781670902890935,0.578
Male,22,2015,0.000624,0.0006241947487616136,0.624
Male,23,2015,0.000499,0.0004991245315706269,0.499
Male,24,2015,0.000602,0.000602181256558224,0.602
Male,25,2015,0.000678,0.0006782299199428606,0.678
Male,26,2015,0.000515,0.0005151326466565141,0.515
Male,27,2015,0.000662,0.0006622191945533972,0.662
Male,28,2015,0.000694,0.0006942409015928526,0.694
Male,29,2015,0.000637,0.0006372029491393008,0.637
Male,30,2015,0.000559,0.0005591562841814287,0.559
Male,31,2015,0.000641,0.0006412055063647899,0.641
Male,32,2015,0.000746,0.0007462783618289622,0.746
Male,33,2015,0.000865,0.0008653742743736666,0.865
Male,34,2015,0.0007,0.000700245085780023,0.7
Male,35,2015,0.000752,0.0007522828583547414,0.752
Male,36,2015,0.0007019999999999999,0.0007022464885174695,0.702
Male,37,2015,0.0006850000000000001,0.0006852346928823122,0.685
Male,38,2015,0.0008,0.0008003201280512205,0.8
Male,39,2015,0.0005859999999999999,0.0005861717483222583,0.586
Male,40,2015,0.001299,0.0012998442488396213,1.299
Male,41,2015,0.0011339999999999998,0.0011346433427753535,1.134
Male,42,2015,0.00106,0.0010605620979118934,1.06
Male,43,2015,0.0012,0.0012007204322593557,1.2
Male,44,2015,0.001361,0.0013619267911813989,1.361
Male,45,2015,0.001379,0.0013799514765430764,1.379
Male,46,2015,0.00132,0.0013208717753717453,1.32
Male,47,2015,0.00181,0.0018116395337780691,1.81
Male,48,2015,0.0017809999999999998,0.001782587394074423,1.781
Male,49,2015,0.0023490000000000004,0.002351762144638879,2.349
Male,50,2015,0.002258,0.0022605521633924704,2.258
Male,51,2015,0.002589,0.0025923558045890405,2.589
Male,52,2015,0.002741,0.0027447616959042367,2.741
Male,53,2015,0.003826,0.0038333331663472224,3.826
Male,54,2015,0.003476,0.0034820518060388957,3.476
Male,55,2015,0.004005,0.004013036104799862,4.005
Male,56,2015,0.0043170000000000005,0.004326338401439507,4.317
Male,57,2015,0.004573000000000001,0.0045834801273110974,4.573
Male,58,2015,0.005096,0.005109017777296551,5.096
Male,59,2015,0.0060750000000000005,0.0060935090336898335,6.075
Male,60,2015,0.0063490000000000005,0.00636921908598847,6.349
Male,61,2015,0.0077080000000000004,0.007737821564308847,7.708
Male,62,2015,0.007808,0.007838601901824723,7.808
Male,63,2015,0.008218,0.008251907086217267,8.218
Male,64,2015,0.009622,0.009668515226755924,9.622
Male,65,2015,0.009785,0.009833108483254322,9.785
Male,66,2015,0.011326000000000001,0.011390504426567654,11.326
Male,67,2015,0.012180999999999999,0.012255642993652841,12.181
Male,68,2015,0.015176,0.015292035968932258,15.176
Male,69,2015,0.016336,0.016470531299655585,16.336
Male,70,2015,0.017879000000000003,0.018040271002627995,17.879
Male,71,2015,0.019855,0.02005408694817804,19.855
Male,72,2015,0.021283,0.021511919086963927,21.283
Male,73,2015,0.023452999999999998,0.023731284912526743,23.453
Male,74,2015,0.02831,0.02871648179987726,28.31
Male,75,2015,0.029428999999999997,0.029868500043895903,29.429
Male,76,2015,0.033365,0.03393105482206917,33.365
Male,77,2015,0.038686,0.03944906323005903,38.686
Male,78,2015,0.042497999999999994,0.04342064529180557,42.498
Male,79,2015,0.044271,0.04527314367174593,44.271
Male,80,2015,0.055291,0.05686300623897971,55.291
Male,81,2015,0.05994,0.06179190334319557,59.94
Male,82,2015,0.07086,0.07346278652663882,70.86
Male,83,2015,0.081793,0.08528068138631545,81.793
Male,84,2015,0.08792900000000001,0.09197252612481441,87.929
Male,85,2015,0.106166,0.11211753511659417,106.166
Male,86,2015,0.108196,0.1143839425225869,108.196
Male,87,2015,0.121694,0.12957846059161818,121.694
Male,88,2015,0.142171,0.15305068442789943,142.171
Male,89,2015,0.156061,0.16926915695150438,156.061
Male,90,2015,0.182076,0.20031200424220152,182.076
Male,91,2015,0.197419,0.2190403648989976,197.419
Male,92,2015,0.215784,0.24188102785761365,215.784
Male,93,2015,0.244719,0.2788374055208254,244.719
Male,94,2015,0.247606,0.28259170026831865,247.606
Male,95,2015,0.298051,0.35024668776796486,298.051
Male,96,2015,0.28686900000000004,0.3349060871585419,286.869
Male,97,2015,0.334428,0.40157735600742567,334.428
Male,98,2015,0.36292399999999997,0.44338075935387233,362.924
Male,99,2015,0.322284,0.3841937491208286,322.284
Male,100,2015,0.435282,0.5563711799825911,435.282
Male,101,2015,0.419119,0.5302347235497169,419.119
Male,102,2015,0.420422,0.532321923956905,420.422
Male,103,2015,0.142596,0.15354333252216534,142.596
Male,104,2015,0.550671,0.7598978561803428,550.671
Male,105,2015,0.189842,0.20975185591534,189.842
Male,106,2015,1.0,2.0,1000.0
Male,0,2016,0.002323,0.0023257013020623455,2.323
Male,1,2016,0.00013000000000000002,0.0001300084505492857,0.13
Male,2,2016,6.500000000000001e-05,6.50021125686585e-05,0.065
Male,3,2016,3.2e-05,3.200051200819213e-05,0.032
Male,4,2016,9.3e-05,9.300432470109859e-05,0.093
Male,5,2016,6.1e-05,6.1001860556746984e-05,0.061
Male,6,2016,2.9999999999999997e-05,3.00004500067501e-05,0.03
Male,7,2016,8.9e-05,8.900396067625009e-05,0.089
Male,8,2016,0.0,0.0,0.0
Male,9,2016,0.0,0.0,0.0
Male,10,2016,6.2e-05,6.200192205958386e-05,0.062
Male,11,2016,0.0,0.0,0.0
Male,12,2016,0.000158,0.00015801248298615592,0.158
Male,13,2016,0.000192,0.00019201843376964189,0.192
Male,14,2016,0.000224,0.00022402509081017073,0.224
Male,15,2016,0.000123,0.0001230075649652454,0.123
Male,16,2016,0.00023899999999999998,0.00023902856391338765,0.239
Male,17,2016,0.000178,0.00017801584341006348,0.178
Male,18,2016,0.0005899999999999999,0.0005901741013599011,0.59
Male,19,2016,0.000375,0.00037507032568606614,0.375
Male,20,2016,0.000429,0.0004290920402426321,0.429
Male,21,2016,0.000372,0.0003720692048721062,0.372
Male,22,2016,0.00048499999999999997,0.0004851176410279493,0.485
Male,23,2016,0.0005600000000000001,0.0005601568439162966,0.56
Male,24,2016,0.000438,0.0004380959430115195,0.438
Male,25,2016,0.0005110000000000001,0.000511130593866733,0.511
Male,26,2016,0.000665,0.0006652211860443597,0.665
Male,27,2016,0.000773,0.0007732988800171266,0.773
Male,28,2016,0.000434,0.0004340941984410617,0.434
Male,29,2016,0.000656,0.0006562152385982602,0.656
Male,30,2016,0.000683,0.0006832333241802075,0.683
Male,31,2016,0.000746,0.0007462783618289622,0.746
Male,32,2016,0.000883,0.0008833900166923697,0.883
Male,33,2016,0.000987,0.000987487324994885,0.987
Male,34,2016,0.000694,0.0006942409015928526,0.694
Male,35,2016,0.0011149999999999999,0.0011156219592422774,1.115
Male,36,2016,0.000997,0.0009974972523803115,0.997
Male,37,2016,0.000699,0.0006992443859128765,0.699
Male,38,2016,0.000825,0.0008253404529368365,0.825
Male,39,2016,0.000883,0.0008833900166923697,0.883
Male,40,2016,0.0007790000000000001,0.0007793035387283348,0.779
Male,41,2016,0.001135,0.001135644478241402,1.135
Male,42,2016,0.001054,0.0010545557508807141,1.054
Male,43,2016,0.001214,0.0012147373455687603,1.214
Male,44,2016,0.001302,0.0013028481541483504,1.302
Male,45,2016,0.0015149999999999999,0.0015161484824754749,1.515
Male,46,2016,0.0013779999999999999,0.0013789500966165688,1.378
Male,47,2016,0.002008,0.0020100180581303626,2.008
Male,48,2016,0.001916,0.001917837288122021,1.916
Male,49,2016,0.002099,0.0021012052148730097,2.099
Male,50,2016,0.002381,0.002383837959090297,2.381
Male,51,2016,0.002157,0.0021593288361497877,2.157
Male,52,2016,0.003044,0.0030486400301258515,3.044
Male,53,2016,0.0036190000000000003,0.003625560451637238,3.619
Male,54,2016,0.0036379999999999997,0.0036446295812082173,3.638
Male,55,2016,0.0037930000000000004,0.0038002070927514032,3.793
Male,56,2016,0.003604,0.0036105061320499537,3.604
Male,57,2016,0.005163999999999999,0.0051773679640832624,5.164
Male,58,2016,0.005098,0.005111028010398506,5.098
Male,59,2016,0.005793,0.005809828167286546,5.793
Male,60,2016,0.006502,0.006523206945780733,6.502
Male,61,2016,0.007684,0.007713635788700186,7.684
Male,62,2016,0.007716,0.00774588361900211,7.716
Male,63,2016,0.008503,0.008539304854589286,8.503
Male,64,2016,0.009181,0.009223339741081435,9.181
Male,65,2016,0.011096,0.011157904051678713,11.096
Male,66,2016,0.011662,0.011730399962179469,11.662
Male,67,2016,0.013168,0.013255272715559242,13.168
Male,68,2016,0.013935000000000001,0.01403277334830431,13.935
Male,69,2016,0.016159,0.016290620064813664,16.159
Male,70,2016,0.016475,0.01661184003226579,16.475
Male,71,2016,0.018951,0.019132287994895632,18.951
Male,72,2016,0.02212,0.022367383258842802,22.12
Male,73,2016,0.022981,0.023248132668426555,22.981
Male,74,2016,0.025786999999999997,0.026123827570783898,25.787
Male,75,2016,0.028133,0.028534378839952187,28.133
Male,76,2016,0.031866,0.03238194147349723,31.866
Male,77,2016,0.035378,0.03601507058355246,35.378
Male,78,2016,0.037909,0.038641428965323216,37.909
Male,79,2016,0.044671999999999996,0.04569258968316313,44.672
Male,80,2016,0.04897,0.05019912559007293,48.97
Male,81,2016,0.057192,0.058875606853585116,57.192
Male,82,2016,0.068122,0.07052412212365378,68.122
Male,83,2016,0.075404,0.0783582632407009,75.404
Male,84,2016,0.085341,0.08914485555913612,85.341
Male,85,2016,0.094236,0.09889577093491114,94.236
Male,86,2016,0.113613,0.1204556647177912,113.613
Male,87,2016,0.127415,0.13608461031141444,127.415
Male,88,2016,0.140067,0.15061510280209017,140.067
Male,89,2016,0.146636,0.15823766944863502,146.636
Male,90,2016,0.16417500000000002,0.1788569171898193,164.175
Male,91,2016,0.186357,0.20550571418961724,186.357
Male,92,2016,0.221821,0.2494923177025485,221.821
Male,93,2016,0.236142,0.26775624795193265,236.142
Male,94,2016,0.25666500000000003,0.29445287337201403,256.665
Male,95,2016,0.29462700000000003,0.3455279284942356,294.627
Male,96,2016,0.323403,0.385785015719341,323.403
Male,97,2016,0.36390100000000003,0.44483982937462835,363.901
Male,98,2016,0.310471,0.36752372998628613,310.471
Male,99,2016,0.390872,0.4858184059938053,390.872
Male,100,2016,0.354188,0.4304112498875935,354.188
Male,101,2016,0.427053,0.5429973165020817,427.053
Male,102,2016,0.582539,0.821947129409557,582.539
Male,103,2016,0.501251,0.6688925230308743,501.251
Male,104,2016,0.381217,0.4709920971495252,381.217
Male,105,2016,0.550671,0.7598978561803428,550.671
Male,106,2016,1.0,2.0,1000.0
Male,0,2017,0.002235,0.0022375004067044925,2.235
Male,1,2017,0.00022600000000000002,0.00022602554088612016,0.226
Male,2,2017,0.000193,0.00019301862629743773,0.193
Male,3,2017,0.000161,0.00016101296154340426,0.161
Male,4,2017,9.5e-05,9.500451271435394e-05,0.095
Male,5,2017,6.2e-05,6.200192205958386e-05,0.062
Male,6,2017,9.1e-05,9.100414068840133e-05,0.091
Male,7,2017,5.9e-05,5.9001740551346265e-05,0.059
Male,8,2017,0.0,0.0,0.0
Male,9,2017,5.9999999999999995e-05,6.0001800054001615e-05,0.06
Male,10,2017,9.2e-05,9.200423219468096e-05,0.092
Male,11,2017,6.2e-05,6.200192205958386e-05,0.062
Male,12,2017,0.000125,0.00012500781298831177,0.125
Male,13,2017,0.0,0.0,0.0
Male,14,2017,9.5e-05,9.500451271435394e-05,0.095
Male,15,2017,0.000221,0.00022102442319876347,0.221
Male,16,2017,0.000303,0.0003030459114555855,0.303
Male,17,2017,0.000176,0.00017601548936306395,0.176
Male,18,2017,0.000264,0.0002640348526005433,0.264
Male,19,2017,0.0005560000000000001,0.000556154610981853,0.556
Male,20,2017,0.0006,0.0006001800540162048,0.6
Male,21,2017,0.000566,0.0005661602233432061,0.566
Male,22,2017,0.000991,0.0009914912839311877,0.991
Male,23,2017,0.000479,0.00047911474798214166,0.479
Male,24,2017,0.000635,0.000635201676532299,0.635
Male,25,2017,0.000404,0.0004040816244881466,0.404
Male,26,2017,0.0005819999999999999,0.0005821694112986879,0.582
Male,27,2017,0.0007880000000000001,0.0007883105943741835,0.788
Male,28,2017,0.000605,0.0006051830678780331,0.605
Male,29,2017,0.00034899999999999997,0.00034906091112899196,0.349
Male,30,2017,0.00046100000000000004,0.00046110628499869226,0.461
Male,31,2017,0.0008399999999999999,0.00084035294823826,0.84
Male,32,2017,0.0005759999999999999,0.0005761659357895073,0.576
Male,33,2017,0.000467,0.0004671090699678375,0.467
Male,34,2017,0.000875,0.0008753829800537736,0.875
Male,35,2017,0.000416,0.0004160865460015683,0.416
Male,36,2017,0.000694,0.0006942409015928526,0.694
Male,37,2017,0.0007740000000000001,0.000774299653966085,0.774
Male,38,2017,0.000866,0.0008663751404358088,0.866
Male,39,2017,0.000824,0.0008243396279267057,0.824
Male,40,2017,0.0008539999999999999,0.000854364813775482,0.854
Male,41,2017,0.0008349999999999999,0.0008353487581065094,0.835
Male,42,2017,0.000973,0.0009734735949039207,0.973
Male,43,2017,0.001055,0.0010555568062152786,1.055
Male,44,2017,0.0010860000000000002,0.0010865900183799804,1.086
Male,45,2017,0.0010220000000000001,0.0010225225090021003,1.022
Male,46,2017,0.001439,0.0014400361059782514,1.439
Male,47,2017,0.0016120000000000002,0.001613300320057967,1.612
Male,48,2017,0.001477,0.0014780915706249064,1.477
Male,49,2017,0.002206,0.0022084359048029976,2.206
Male,50,2017,0.00221,0.002212444751450353,2.21
Male,51,2017,0.0024159999999999997,0.0024189220578458774,2.416
Male,52,2017,0.002705,0.002708663467339577,2.705
Male,53,2017,0.003113,0.0031178529380981495,3.113
Male,54,2017,0.003084,0.0030887628723491626,3.084
Male,55,2017,0.003328,0.0033335470222450154,3.328
Male,56,2017,0.003598,0.003604484467557135,3.598
Male,57,2017,0.00487,0.004881887395808794,4.87
Male,58,2017,0.005319,0.005333183601788958,5.319
Male,59,2017,0.0063289999999999996,0.006349091700686823,6.329
Male,60,2017,0.006091,0.00610960680753234,6.091
Male,61,2017,0.006522999999999999,0.006544344379192737,6.523
Male,62,2017,0.006726,0.006748695864191276,6.726
Male,63,2017,0.008913,0.008952898592577824,8.913
Male,64,2017,0.008799,0.008837882263016138,8.799
Male,65,2017,0.009678,0.009725059563226454,9.678
Male,66,2017,0.011738,0.011807297026247044,11.738
Male,67,2017,0.01292,0.013004005877971696,12.92
Male,68,2017,0.013760999999999999,0.013856338537305932,13.761
Male,69,2017,0.015372,0.015491064320366335,15.372
Male,70,2017,0.015699,0.015823204241695185,15.699
Male,71,2017,0.017602,0.017758290716596768,17.602
Male,72,2017,0.02068,0.020896065315360833,20.68
Male,73,2017,0.02247,0.022725318958498733,22.47
Male,74,2017,0.023202,0.023474325651887548,23.202
Male,75,2017,0.027161,0.02753493822861369,27.161
Male,76,2017,0.028419,0.028828640568153173,28.419
Male,77,2017,0.034875,0.035493925322816616,34.875
Male,78,2017,0.043237000000000005,0.04419237281162819,43.237
Male,79,2017,0.045895000000000005,0.04697291087224075,45.895
Male,80,2017,0.051669,0.053039242305337235,51.669
Male,81,2017,0.060485,0.06237126291882248,60.485
Male,82,2017,0.06556000000000001,0.06778189036620418,65.56
Male,83,2017,0.073099,0.07587208683788113,73.099
Male,84,2017,0.08562900000000001,0.08945914872300093,85.629
Male,85,2017,0.094559,0.09925156433602511,94.559
Male,86,2017,0.11114700000000001,0.11768729488213218,111.147
Male,87,2017,0.120257,0.12795046982486435,120.257
Male,88,2017,0.13186799999999999,0.14117631944637743,131.868
Male,89,2017,0.15162,0.1640571743905474,151.62
Male,90,2017,0.178741,0.19628290100419546,178.741
Male,91,2017,0.179769,0.19752328138571426,179.769
Male,92,2017,0.222713,0.25062131214598427,222.713
Male,93,2017,0.22891999999999998,0.25850893240282763,228.92
Male,94,2017,0.242948,0.27654047802796955,242.948
Male,95,2017,0.286605,0.3345463246945392,286.605
Male,96,2017,0.327748,0.39198398327524797,327.748
Male,97,2017,0.316108,0.3754492568407,316.108
Male,98,2017,0.351762,0.42683398878074646,351.762
Male,99,2017,0.38160000000000005,0.47157686604053395,381.6
Male,100,2017,0.397726,0.4964519177119519,397.726
Male,101,2017,0.42666899999999996,0.5423766518297802,426.669
Male,102,2017,0.221199,0.24870572930867477,221.199
Male,103,2017,0.35882,0.4372707442206217,358.82
Male,104,2017,0.26485899999999996,0.305288158138157,264.859
Male,105,2017,0.0,0.0,0.0
Male,106,2017,1.0,2.0,1000.0
Male,0,2018,0.002418,0.002420926900622853,2.418
Male,1,2018,0.000132,0.00013200871257502996,0.132
Male,2,2018,3.2e-05,3.200051200819213e-05,0.032
Male,3,2018,0.0,0.0,0.0
Male,4,2018,6.4e-05,6.40020480655381e-05,0.064
Male,5,2018,3.1e-05,3.1000480507447865e-05,0.031
Male,6,2018,0.000123,0.0001230075649652454,0.123
Male,7,2018,0.0,0.0,0.0
Male,8,2018,8.9e-05,8.900396067625009e-05,0.089
Male,9,2018,8.8e-05,8.80038721703755e-05,0.088
Male,10,2018,2.9999999999999997e-05,3.00004500067501e-05,0.03
Male,11,2018,6.1e-05,6.1001860556746984e-05,0.061
Male,12,2018,0.000123,0.0001230075649652454,0.123
Male,13,2018,0.000124,0.00012400768847668555,0.124
Male,14,2018,0.000155,0.0001550120134310409,0.155
Male,15,2018,0.000158,0.00015801248298615592,0.158
Male,16,2018,0.000125,0.00012500781298831177,0.125
Male,17,2018,0.00011999999999999999,0.00012000720043202591,0.12
Male,18,2018,0.000348,0.0003480605625378816,0.348
Male,19,2018,0.0005250000000000001,0.00052513784868528,0.525
Male,20,2018,0.0005819999999999999,0.0005821694112986879,0.582
Male,21,2018,0.000597,0.0005971782577099264,0.597
Male,22,2018,0.000477,0.00047711379163930596,0.477
Male,23,2018,0.00073,0.0007302665472897607,0.73
Male,24,2018,0.00053,0.0005301404872291157,0.53
Male,25,2018,0.0005719999999999999,0.0005721636388006969,0.572
Male,26,2018,0.000796,0.0007963169341397877,0.796
Male,27,2018,0.000627,0.0006271966261422956,0.627
Male,28,2018,0.000596,0.000596177660942961,0.596
Male,29,2018,0.0005470000000000001,0.0005471496454280246,0.547
Male,30,2018,0.000745,0.0007452776159119272,0.745
Male,31,2018,0.0005909999999999999,0.0005911746921215219,0.591
Male,32,2018,0.000674,0.0006742272145713106,0.674
Male,33,2018,0.0007099999999999999,0.0007102521395095258,0.71
Male,34,2018,0.000876,0.0008763838561289845,0.876
Male,35,2018,0.0005989999999999999,0.0005991794542465468,0.599
Male,36,2018,0.0007740000000000001,0.000774299653966085,0.774
Male,37,2018,0.00086,0.0008603699590824054,0.86
Male,38,2018,0.001188,0.0011887060914183025,1.188
Male,39,2018,0.001228,0.0012287544552355145,1.228
Male,40,2018,0.0009379999999999999,0.000938440128420229,0.938
Male,41,2018,0.000912,0.0009124160617241463,0.912
Male,42,2018,0.001085,0.0010855889319956076,1.085
Male,43,2018,0.001109,0.001109615281673688,1.109
Male,44,2018,0.0013720000000000002,0.0013729418381009373,1.372
Male,45,2018,0.001269,0.0012698056917113908,1.269
Male,46,2018,0.0014830000000000002,0.0014841004604914546,1.483
Male,47,2018,0.001519,0.001520154557386335,1.519
Male,48,2018,0.001538,0.001539183632213172,1.538
Male,49,2018,0.00199,0.0019919820221120012,1.99
Male,50,2018,0.00242,0.0024229317474143714,2.42
Male,51,2018,0.002191,0.002193402872847204,2.191
Male,52,2018,0.0025009999999999998,0.002504131416336128,2.501
Male,53,2018,0.002878,0.002882147410123167,2.878
Male,54,2018,0.002928,0.0029322928767715937,2.928
Male,55,2018,0.004031,0.004039140888460692,4.031
Male,56,2018,0.0033410000000000002,0.003346590479395831,3.341
Male,57,2018,0.004375,0.004384591293454432,4.375
Male,58,2018,0.005235999999999999,0.005249743829345226,5.236
Male,59,2018,0.005757,0.005773619363337367,5.757
Male,60,2018,0.006312,0.006331983740685604,6.312
Male,61,2018,0.006268,0.006287705669568428,6.268
Male,62,2018,0.006868,0.006891665980978681,6.868
Male,63,2018,0.007927,0.00795854368790702,7.927
Male,64,2018,0.009517,0.009562503171340825,9.517
Male,65,2018,0.009523,0.009568560701781532,9.523
Male,66,2018,0.010398,0.010452341724626332,10.398
Male,67,2018,0.012077,0.012150370009301163,12.077
Male,68,2018,0.013392,0.01348227732899495,13.392
Male,69,2018,0.0147,0.014808845010829597,14.7
Male,70,2018,0.015798,0.015923781953651895,15.798
Male,71,2018,0.018264,0.018432323982609185,18.264
Male,72,2018,0.021389,0.021620217415146283,21.389
Male,73,2018,0.020908000000000003,0.02112888132537548,20.908
Male,74,2018,0.023183,0.023454877209170093,23.183
Male,75,2018,0.029913,0.030367186829820206,29.913
Male,76,2018,0.029428999999999997,0.029868500043895903,29.429
Male,77,2018,0.035432000000000005,0.03607103444624976,35.432
Male,78,2018,0.041073,0.041934181314566596,41.073
Male,79,2018,0.044323999999999995,0.04532857180841816,44.324
Male,80,2018,0.0495,0.05075621635478083,49.5
Male,81,2018,0.058351,0.06010458120906508,58.351
Male,82,2018,0.063877,0.06598444417012762,63.877
Male,83,2018,0.072035,0.07472646028325204,72.035
Male,84,2018,0.085464,0.08927907336294538,85.464
Male,85,2018,0.086091,0.08996352491158148,86.091
Male,86,2018,0.108258,0.11445323939522407,108.258
Male,87,2018,0.121644,0.12952177329537107,121.644
Male,88,2018,0.13211099999999998,0.14145487231843004,132.111
Male,89,2018,0.161223,0.17535894782238412,161.223
Male,90,2018,0.165477,0.18040329829606935,165.477
Male,91,2018,0.176686,0.19380753945837087,176.686
Male,92,2018,0.2087,0.23301512867749677,208.7
Male,93,2018,0.212411,0.23765082465824078,212.411
Male,94,2018,0.24681,0.2815553362727371,246.81
Male,95,2018,0.287007,0.33509418894297877,287.007
Male,96,2018,0.2754,0.31937840658703465,275.4
Male,97,2018,0.312591,0.3704982016808018,312.591
Male,98,2018,0.35367000000000004,0.4296465471685507,353.67
Male,99,2018,0.383493,0.4744711900412432,383.493
Male,100,2018,0.46900200000000003,0.6126748695948656,469.002
Male,101,2018,0.439512,0.5633007110596173,439.512
Male,102,2018,0.255272,0.2926209701454897,255.272
Male,103,2018,0.417567,0.5277531497384091,417.567
Male,104,2018,0.375365,0.46209148516436,375.365
Male,105,2018,0.189842,0.20975185591534,189.842
Male,106,2018,1.0,2.0,1000.0
Male,0,2019,0.002432,0.002434960912469563,2.432
Male,1,2019,0.00023899999999999998,0.00023902856391338765,0.239
Male,2,2019,0.000164,0.00016401344910282645,0.164
Male,3,2019,6.4e-05,6.40020480655381e-05,0.064
Male,4,2019,0.000128,0.00012800819252432156,0.128
Male,5,2019,0.000128,0.00012800819252432156,0.128
Male,6,2019,3.1e-05,3.1000480507447865e-05,0.031
Male,7,2019,0.000123,0.0001230075649652454,0.123
Male,8,2019,0.0,0.0,0.0
Male,9,2019,0.000147,0.00014701080529418912,0.147
Male,10,2019,0.0,0.0,0.0
Male,11,2019,5.9999999999999995e-05,6.0001800054001615e-05,0.06
Male,12,2019,0.000182,0.00018201656350727916,0.182
Male,13,2019,9.2e-05,9.200423219468096e-05,0.092
Male,14,2019,6.2e-05,6.200192205958386e-05,0.062
Male,15,2019,0.000248,0.0002480307558137209,0.248
Male,16,2019,0.000251,0.00025103150445380894,0.251
Male,17,2019,0.000249,0.0002490310043600428,0.249
Male,18,2019,0.000537,0.0005371442232239357,0.537
Male,19,2019,0.000491,0.0004911205700999596,0.491
Male,20,2019,0.0006969999999999999,0.0006972429891817297,0.697
Male,21,2019,0.000319,0.00031905088861673437,0.319
Male,22,2019,0.000536,0.0005361436865079841,0.536
Male,23,2019,0.000639,0.0006392042257501272,0.639
Male,24,2019,0.000832,0.0008323462560425137,0.832
Male,25,2019,0.000605,0.0006051830678780331,0.605
Male,26,2019,0.000671,0.000671225196053276,0.671
Male,27,2019,0.000575,0.0005751653600410117,0.575
Male,28,2019,0.000696,0.0006962422923177266,0.696
Male,29,2019,0.000615,0.000615189170669981,0.615
Male,30,2019,0.000618,0.0006181910210254968,0.618
Male,31,2019,0.000578,0.0005781670902890935,0.578
Male,32,2019,0.0006929999999999999,0.0006932402077319791,0.693
Male,33,2019,0.000508,0.0005081290647824548,0.508
Male,34,2019,0.000596,0.000596177660942961,0.596
Male,35,2019,0.0006810000000000001,0.0006812319594822038,0.681
Male,36,2019,0.000786,0.0007863090194446418,0.786
Male,37,2019,0.0009350000000000001,0.0009354373169456721,0.935
Male,38,2019,0.000884,0.000884390900778144,0.884
Male,39,2019,0.0009360000000000001,0.000936438253102452,0.936
Male,40,2019,0.001113,0.0011136197293793997,1.113
Male,41,2019,0.000795,0.0007953161381649206,0.795
Male,42,2019,0.0009379999999999999,0.000938440128420229,0.938
Male,43,2019,0.001444,0.0014450433212779626,1.444
Male,44,2019,0.001351,0.0013519132173783392,1.351
Male,45,2019,0.001107,0.0011076130638308303,1.107
Male,46,2019,0.0016279999999999999,0.0016293262715850701,1.628
Male,47,2019,0.0015840000000000001,0.00158525552237372,1.584
Male,48,2019,0.00157,0.0015712334182333132,1.57
Male,49,2019,0.001616,0.0016173067838813763,1.616
Male,50,2019,0.001942,0.0019438875147768484,1.942
Male,51,2019,0.002267,0.0022695725604973235,2.267
Male,52,2019,0.00259,0.002593358399126869,2.59
Male,53,2019,0.0025870000000000003,0.0025903506185250623,2.587
Male,54,2019,0.003266,0.0032713421016519976,3.266
Male,55,2019,0.0033889999999999997,0.00339475240795528,3.389
Male,56,2019,0.004043,0.004051189479532875,4.043
Male,57,2019,0.0045839999999999995,0.004594530664282535,4.584
Male,58,2019,0.004215,0.0042239018731977645,4.215
Male,59,2019,0.005477999999999999,0.005493045451491635,5.478
Male,60,2019,0.005793,0.005809828167286546,5.793
Male,61,2019,0.006644,0.006666144933468984,6.644
Male,62,2019,0.007538,0.007566518207122646,7.538
Male,63,2019,0.008637,0.008674460658353098,8.637
Male,64,2019,0.008477,0.008513082701028308,8.477
Male,65,2019,0.010345,0.010398787729531,10.345
Male,66,2019,0.010154,0.010205814922360825,10.154
Male,67,2019,0.011257999999999999,0.011321730018272858,11.258
Male,68,2019,0.011787,0.011856878513519428,11.787
Male,69,2019,0.01481,0.01492048620031332,14.81
Male,70,2019,0.015487,0.015607859459726392,15.487
Male,71,2019,0.018338,0.01850769707447587,18.338
Male,72,2019,0.018722000000000003,0.018898912721990554,18.722
Male,73,2019,0.02229,0.02254122191827922,22.29
Male,74,2019,0.024058,0.024350917182791802,24.058
Male,75,2019,0.028884,0.029307255382230165,28.884
Male,76,2019,0.029143000000000002,0.02957393661742075,29.143
Male,77,2019,0.033098999999999996,0.03365598980324886,33.099
Male,78,2019,0.036643,0.03732688451463489,36.643
Male,79,2019,0.04305,0.043997036204297506,43.05
Male,80,2019,0.045641,0.046706874223210786,45.641
Male,81,2019,0.054267,0.05578052076004262,54.267
Male,82,2019,0.058616,0.06038578663468948,58.616
Male,83,2019,0.075735,0.07871576939766611,75.735
Male,84,2019,0.079091,0.08234747195208102,79.091
Male,85,2019,0.091315,0.09568367750571728,91.315
Male,86,2019,0.09989,0.10514128129424087,99.89
Male,87,2019,0.117919,0.12530704045150023,117.919
Male,88,2019,0.136524,0.14652616937379392,136.524
Male,89,2019,0.141206,0.1519329199470194,141.206
Male,90,2019,0.170133,0.18595121940556336,170.133
Male,91,2019,0.18690700000000002,0.20617475220520956,186.907
Male,92,2019,0.219579,0.2466596383664313,219.579
Male,93,2019,0.228976,0.25858034673725483,228.976
Male,94,2019,0.250345,0.28616498681168573,250.345
Male,95,2019,0.252776,0.2893458423190157,252.776
Male,96,2019,0.262409,0.30203770622660914,262.409
Male,97,2019,0.334209,0.40126162285664885,334.209
Male,98,2019,0.312801,0.3707932496403803,312.801
Male,99,2019,0.36642399999999997,0.448615797489679,366.424
Male,100,2019,0.335466,0.40307497473767434,335.466
Male,101,2019,0.480322,0.6321365447153937,480.322
Male,102,2019,0.48223200000000005,0.6354488960104575,482.232
Male,103,2019,0.413354,0.5210412404531319,413.354
Male,104,2019,0.393469,0.489836797422521,393.469
Male,105,2019,0.189842,0.20975185591534,189.842
Male,106,2019,1.0,2.0,1000.0
Male,0,2020,0.002059,0.00206112192502181,2.059
Male,1,2020,0.000175,0.000175015313839961,0.175
Male,2,2020,0.000204,0.0002040208101226325,0.204
Male,3,2020,3.3e-05,3.30005445089844e-05,0.033
Male,4,2020,6.4e-05,6.40020480655381e-05,0.064
Male,5,2020,3.2e-05,3.200051200819213e-05,0.032
Male,6,2020,9.6e-05,9.600460822119463e-05,0.096
Male,7,2020,9.4e-05,9.400441820765575e-05,0.094
Male,8,2020,0.0,0.0,0.0
Male,9,2020,0.0,0.0,0.0
Male,10,2020,0.0,0.0,0.0
Male,11,2020,0.0,0.0,0.0
Male,12,2020,5.9999999999999995e-05,6.0001800054001615e-05,0.06
Male,13,2020,0.00015099999999999998,0.00015101140136080271,0.151
Male,14,2020,0.000153,0.00015301170539546276,0.153
Male,15,2020,0.000185,0.00018501711408305268,0.185
Male,16,2020,0.00036899999999999997,0.00036906809306317014,0.369
Male,17,2020,0.000437,0.0004370955053679229,0.437
Male,18,2020,0.000589,0.0005891735115991659,0.589
Male,19,2020,0.00044500000000000003,0.00044509903453518414,0.445
Male,20,2020,0.0005769999999999999,0.0005771665125388674,0.577
Male,21,2020,0.000579,0.0005791676690401872,0.579
Male,22,2020,0.000317,0.00031705025246501567,0.317
Male,23,2020,0.00047599999999999997,0.00047611331496896255,0.476
Male,24,2020,0.000441,0.0004410972619462591,0.441
Male,25,2020,0.000713,0.0007132542751490907,0.713
Male,26,2020,0.0008950000000000001,0.0008954006918095849,0.895
Male,27,2020,0.000477,0.00047711379163930596,0.477
Male,28,2020,0.0005430000000000001,0.0005431474645366217,0.543
Male,29,2020,0.000611,0.0006111867175422091,0.611
Male,30,2020,0.000507,0.0005071285570892221,0.507
Male,31,2020,0.000638,0.0006382035869442352,0.638
Male,32,2020,0.0005719999999999999,0.0005721636388006969,0.572
Male,33,2020,0.00074,0.0007402739013434971,0.74
Male,34,2020,0.0008489999999999999,0.000849360553554984,0.849
Male,35,2020,0.00062,0.0006201922596004762,0.62
Male,36,2020,0.0008399999999999999,0.00084035294823826,0.84
Male,37,2020,0.0007289999999999999,0.0007292658173904387,0.729
Male,38,2020,0.0009599999999999999,0.0009604610212902193,0.96
Male,39,2020,0.000771,0.0007712973351226898,0.771
Male,40,2020,0.000906,0.0009064106040036137,0.906
Male,41,2020,0.001306,0.001306853375254041,1.306
Male,42,2020,0.00102,0.0010205204654373731,1.02
Male,43,2020,0.0014190000000000001,0.0014200074953179282,1.419
Male,44,2020,0.001055,0.0010555568062152786,1.055
Male,45,2020,0.00116,0.0011606731904504613,1.16
Male,46,2020,0.0014479999999999999,0.0014490491115567669,1.448
Male,47,2020,0.001782,0.00178358917795756,1.782
Male,48,2020,0.001712,0.001713466727518756,1.712
Male,49,2020,0.002112,0.002114232629656918,2.112
Male,50,2020,0.001873,0.0018747557087212174,1.873
Male,51,2020,0.0021739999999999997,0.0021763657095262546,2.174
Male,52,2020,0.002949,0.0029533547215369062,2.949
Male,53,2020,0.002198,0.0022004182596673744,2.198
Male,54,2020,0.002617,0.002620428831125528,2.617
Male,55,2020,0.0031379999999999997,0.0031429312591455994,3.138
Male,56,2020,0.004275999999999999,0.004285161675662566,4.276
Male,57,2020,0.0043230000000000005,0.004332364405662841,4.323
Male,58,2020,0.004333,0.0043424078265562336,4.333
Male,59,2020,0.005031,0.0050436873956437416,5.031
Male,60,2020,0.00588,0.005897338174232243,5.88
Male,61,2020,0.005611,0.00562678594797705,5.611
Male,62,2020,0.006368,0.006388340476075826,6.368
Male,63,2020,0.007896,0.007927296968431367,7.896
Male,64,2020,0.007888,0.007919233456753435,7.888
Male,65,2020,0.008288,0.008322488391896017,8.288
Male,66,2020,0.011186999999999999,0.011249926463674563,11.187
Male,67,2020,0.01264,0.01272039288302069,12.64
Male,68,2020,0.012769,0.012851047512845765,12.769
Male,69,2020,0.013729,0.013823894121194943,13.729
Male,70,2020,0.015648,0.01577139539759075,15.648
Male,71,2020,0.016632,0.016771471557471936,16.632
Male,72,2020,0.018591999999999997,0.018766452946591513,18.592
Male,73,2020,0.020907,0.021127860085402756,20.907
Male,74,2020,0.024536000000000002,0.02484074627530545,24.536
Male,75,2020,0.02773,0.028119882166234848,27.73
Male,76,2020,0.028554,0.028967569996844956,28.554
Male,77,2020,0.030961,0.03144782810294768,30.961
Male,78,2020,0.036073,0.036735581312340025,36.073
Male,79,2020,0.041158,0.04202278693227938,41.158
Male,80,2020,0.047602,0.04876259860950482,47.602
Male,81,2020,0.05196,0.053345927188353424,51.96
Male,82,2020,0.061761,0.06372898285505554,61.761
Male,83,2020,0.066589,0.06888240524130668,66.589
Male,84,2020,0.07862999999999999,0.08184784815001794,78.63
Male,85,2020,0.092359,0.09683058814525375,92.359
Male,86,2020,0.100496,0.10581288589021133,100.496
Male,87,2020,0.11211700000000001,0.11877536902445757,112.117
Male,88,2020,0.128829,0.1376987993080269,128.829
Male,89,2020,0.151725,0.16418011388997847,151.725
Male,90,2020,0.162987,0.1774478460413726,162.987
Male,91,2020,0.179113,0.19673159289950448,179.113
Male,92,2020,0.20432,0.22756838634946094,204.32
Male,93,2020,0.222943,0.2509126043790379,222.943
Male,94,2020,0.235269,0.2666344049036369,235.269
Male,95,2020,0.24501499999999998,0.27922175973014013,245.015
Male,96,2020,0.29488400000000003,0.3458814532266427,294.884
Male,97,2020,0.340168,0.40988244593428735,340.168
Male,98,2020,0.345695,0.417933815106646,345.695
Male,99,2020,0.350626,0.42516251620311707,350.626
Male,100,2020,0.364807,0.44619442475597676,364.807
Male,101,2020,0.350383,0.4248052729815466,350.383
Male,102,2020,0.338862,0.40798777705404365,338.862
Male,103,2020,0.28346899999999997,0.3302812474694602,283.469
Male,104,2020,0.550671,0.7598978561803428,550.671
Male,105,2020,0.435282,0.5563711799825911,435.282
Male,106,2020,1.0,2.0,1000.0
Male,0,2021,0.0020369999999999997,0.002039076799720515,2.037
Male,1,2021,0.000179,0.00017901602193396308,0.179
Male,2,2021,0.000104,0.00010400540828123062,0.104
Male,3,2021,0.000136,0.00013600924862890675,0.136
Male,4,2021,3.3e-05,3.30005445089844e-05,0.033
Male,5,2021,6.4e-05,6.40020480655381e-05,0.064
Male,6,2021,3.2e-05,3.200051200819213e-05,0.032
Male,7,2021,3.2e-05,3.200051200819213e-05,0.032
Male,8,2021,9.4e-05,9.400441820765575e-05,0.094
Male,9,2021,6.1e-05,6.1001860556746984e-05,0.061
Male,10,2021,8.999999999999999e-05,9.000405018225818e-05,0.09
Male,11,2021,2.9e-05,2.900042050609734e-05,0.029
Male,12,2021,0.00011700000000000001,0.00011700684490042668,0.117
Male,13,2021,8.9e-05,8.900396067625009e-05,0.089
Male,14,2021,5.9999999999999995e-05,6.0001800054001615e-05,0.06
Male,15,2021,0.000335,0.00033505612190041833,0.335
Male,16,2021,0.000215,0.00021502311498486088,0.215
Male,17,2021,0.000521,0.0005211357558644027,0.521
Male,18,2021,0.00034100000000000005,0.00034105815041464573,0.341
Male,19,2021,0.000432,0.00043209333215974647,0.432
Male,20,2021,0.00044500000000000003,0.00044509903453518414,0.445
Male,21,2021,0.000345,0.0003450595227676774,0.345
Male,22,2021,0.000607,0.0006071842804291103,0.607
Male,23,2021,0.000314,0.0003140493057410013,0.314
Male,24,2021,0.000526,0.0005261383743924653,0.526
Male,25,2021,0.000326,0.0003260531466629061,0.326
Male,26,2021,0.000513,0.0005131316182600838,0.513
Male,27,2021,0.000723,0.0007232614590174348,0.723
Male,28,2021,0.0006540000000000001,0.0006542139279544411,0.654
Male,29,2021,0.000537,0.0005371442232239357,0.537
Male,30,2021,0.00035299999999999996,0.00035306231549868546,0.353
Male,31,2021,0.00040300000000000004,0.00040308122086600453,0.403
Male,32,2021,0.0006580000000000001,0.000658216553246018,0.658
Male,33,2021,0.000621,0.0006211928803893609,0.621
Male,34,2021,0.000447,0.0004470999268336474,0.447
Male,35,2021,0.000714,0.0007142549890310841,0.714
Male,36,2021,0.000618,0.0006181910210254968,0.618
Male,37,2021,0.000893,0.0008933989026100154,0.893
Male,38,2021,0.0010789999999999999,0.0010795824347235332,1.079
Male,39,2021,0.0009310000000000001,0.0009314335823325759,0.931
Male,40,2021,0.000825,0.0008253404529368365,0.825
Male,41,2021,0.001071,0.0010715738277847786,1.071
Male,42,2021,0.0007790000000000001,0.0007793035387283348,0.779
Male,43,2021,0.000878,0.0008783856112833533,0.878
Male,44,2021,0.001221,0.0012217458758572108,1.221
Male,45,2021,0.001333,0.0013338890370431893,1.333
Male,46,2021,0.001536,0.0015371805546659835,1.536
Male,47,2021,0.0018700000000000001,0.0018717500863307194,1.87
Male,48,2021,0.001526,0.0015271652270682531,1.526
Male,49,2021,0.0017130000000000001,0.0017144684422207622,1.713
Male,50,2021,0.002191,0.002193402872847204,2.191
Male,51,2021,0.0021579999999999998,0.0021603309971459203,2.158
Male,52,2021,0.002639,0.002642486761281511,2.639
Male,53,2021,0.0023020000000000002,0.0023046526552061427,2.302
Male,54,2021,0.0025729999999999998,0.002576314428512281,2.573
Male,55,2021,0.003348,0.0033536139497518844,3.348
Male,56,2021,0.003642,0.0036486441810536984,3.642
Male,57,2021,0.0044080000000000005,0.004417736691668438,4.408
Male,58,2021,0.004549,0.004559370287719418,4.549
Male,59,2021,0.005168,0.005181388708422564,5.168
Male,60,2021,0.004872,0.004883897173514682,4.872
Male,61,2021,0.005791,0.005807816532770638,5.791
Male,62,2021,0.006876999999999999,0.0069007281537566915,6.877
Male,63,2021,0.008619,0.00865630434356861,8.619
Male,64,2021,0.008855,0.008894379866860525,8.855
Male,65,2021,0.009932999999999999,0.009982578476001059,9.933
Male,66,2021,0.010143000000000001,0.010194702433390943,10.143
Male,67,2021,0.011976,0.012048144287996524,11.976
Male,68,2021,0.011617,0.011684871576552406,11.617
Male,69,2021,0.013022,0.013107341903131288,13.022
Male,70,2021,0.015339,0.015457551692707218,15.339
Male,71,2021,0.017559,0.017714524669334424,17.559
Male,72,2021,0.018584,0.018758302143517563,18.584
Male,73,2021,0.022012,0.022256960102892433,22.012
Male,74,2021,0.022629,0.02288796589006312,22.629
Male,75,2021,0.027483,0.02786591953326638,27.483
Male,76,2021,0.028690999999999998,0.029108577092683083,28.691
Male,77,2021,0.033234,0.033795581172340786,33.234
Male,78,2021,0.036701,0.037387071454730025,36.701
Male,79,2021,0.043349,0.044309383737825496,43.349
Male,80,2021,0.042504,0.04342690866290404,42.504
Male,81,2021,0.053045999999999996,0.05449127200745369,53.046
Male,82,2021,0.06143,0.06337661265778383,61.43
Male,83,2021,0.067088,0.0694165073215956,67.088
Male,84,2021,0.07804699999999999,0.08121634608130375,78.047
Male,85,2021,0.087096,0.09106154830561283,87.096
Male,86,2021,0.104916,0.11072437949980053,104.916
Male,87,2021,0.118589,0.12606389566128826,118.589
Male,88,2021,0.12931800000000002,0.13825759803109242,129.318
Male,89,2021,0.152681,0.1653000916463264,152.681
Male,90,2021,0.16181600000000002,0.17606072079835317,161.816
Male,91,2021,0.175519,0.1924043056628159,175.519
Male,92,2021,0.193803,0.21459785394394965,193.803
Male,93,2021,0.210438,0.23518380475222425,210.438
Male,94,2021,0.22276400000000002,0.2506858965269666,222.764
Male,95,2021,0.259427,0.2980937886546557,259.427
Male,96,2021,0.29073899999999997,0.34019263295658175,290.739
Male,97,2021,0.334183,0.4012241440686462,334.183
Male,98,2021,0.333343,0.40001392008073644,333.343
Male,99,2021,0.407783,0.5122203820207925,407.783
Male,100,2021,0.43021699999999996,0.5481228934190266,430.217
Male,101,2021,0.477731,0.627656478585585,477.731
Male,102,2021,0.376521,0.4638446201028778,376.521
Male,103,2021,0.338862,0.40798777705404365,338.862
Male,104,2021,0.128841,0.13771250866441603,128.841
Male,105,2021,0.173435,0.1899029051799416,173.435
Male,106,2021,1.0,2.0,1000.0
Male,0,2022,0.002018,0.0020200382185625297,2.018
Male,1,2022,0.00028199999999999997,0.0002820397676072326,0.282
Male,2,2022,0.000106,0.00010600561829776978,0.106
Male,3,2022,0.00013800000000000002,0.00013800952265706335,0.138
Male,4,2022,3.4e-05,3.4000578009826166e-05,0.034
Male,5,2022,0.00013000000000000002,0.0001300084505492857,0.13
Male,6,2022,0.00019,0.00019001805171491292,0.19
Male,7,2022,6.3e-05,6.300198456251371e-05,0.063
Male,8,2022,3.2e-05,3.200051200819213e-05,0.032
Male,9,2022,0.000124,0.00012400768847668555,0.124
Male,10,2022,9.1e-05,9.100414068840133e-05,0.091
Male,11,2022,0.000149,0.00014901110132704886,0.149
Male,12,2022,0.000145,0.0001450105132622115,0.145
Male,13,2022,5.8e-05,5.800168204877941e-05,0.058
Male,14,2022,0.000118,0.00011800696241078223,0.118
Male,15,2022,0.00020899999999999998,0.00020902184278257074,0.209
Male,16,2022,0.000211,0.00021102226284873055,0.211
Male,17,2022,0.00027400000000000005,0.0002740375431434107,0.274
Male,18,2022,0.000425,0.00042509033169548524,0.425
Male,19,2022,0.000308,0.0003080474393056531,0.308
Male,20,2022,0.000306,0.0003060468251642501,0.306
Male,21,2022,0.000616,0.0006161897864542279,0.616
Male,22,2022,0.000342,0.0003420584920021324,0.342
Male,23,2022,0.000484,0.00048411715635183713,0.484
Male,24,2022,0.000449,0.00044910082313479374,0.449
Male,25,2022,0.000625,0.0006251953735542358,0.625
Male,26,2022,0.000721,0.0007212600142351317,0.721
Male,27,2022,0.000691,0.0006912388230133511,0.691
Male,28,2022,0.0006850000000000001,0.0006852346928823122,0.685
Male,29,2022,0.000643,0.0006432067909833011,0.643
Male,30,2022,0.0006540000000000001,0.0006542139279544411,0.654
Male,31,2022,0.000498,0.0004981240328841882,0.498
Male,32,2022,0.0007700000000000001,0.0007702965641772083,0.77
Male,33,2022,0.000601,0.0006011806547867634,0.601
Male,34,2022,0.000513,0.0005131316182600838,0.513
Male,35,2022,0.00041799999999999997,0.0004180873802624748,0.418
Male,36,2022,0.000734,0.0007342694768980216,0.734
Male,37,2022,0.000882,0.0008823891336079211,0.882
Male,38,2022,0.0008349999999999999,0.0008353487581065094,0.835
Male,39,2022,0.000966,0.0009664668034660741,0.966
Male,40,2022,0.0009809999999999999,0.0009814814166348592,0.981
Male,41,2022,0.0011790000000000001,0.0011796954304562541,1.179
Male,42,2022,0.0009040000000000001,0.0009044087927743341,0.904
Male,43,2022,0.001303,0.001303849457921836,1.303
Male,44,2022,0.001498,0.001499122843009414,1.498
Male,45,2022,0.001219,0.0012197434336227932,1.219
Male,46,2022,0.001606,0.0016072906543954796,1.606
Male,47,2022,0.001616,0.0016173067838813763,1.616
Male,48,2022,0.00158,0.0015812491868576176,1.58
Male,49,2022,0.001629,0.0016303279020762412,1.629
Male,50,2022,0.002351,0.0023537668529356255,2.351
Male,51,2022,0.0025259999999999996,0.0025291943724924577,2.526
Male,52,2022,0.0029820000000000003,0.00298645280112648,2.982
Male,53,2022,0.003,0.0030045067601402104,3.0
Male,54,2022,0.003404,0.003409803485532376,3.404
Male,55,2022,0.00375,0.0037570444583594235,3.75
Male,56,2022,0.003386,0.003391742219577745,3.386
Male,57,2022,0.004508,0.004518183986706035,4.508
Male,58,2022,0.005255,0.005268843887313917,5.255
Male,59,2022,0.0053419999999999995,0.005356306695182833,5.342
Male,60,2022,0.00546,0.005474946604229546,5.46
Male,61,2022,0.006314,0.006333996426719152,6.314
Male,62,2022,0.007011,0.007035663518463976,7.011
Male,63,2022,0.007815,0.007845656904353763,7.815
Male,64,2022,0.00882,0.00885906849204994,8.82
Male,65,2022,0.009233,0.009275821831485051,9.233
Male,66,2022,0.011518,0.011584716381641876,11.518
Male,67,2022,0.011725,0.011794143164300712,11.725
Male,68,2022,0.012954,0.013038450040915006,12.954
Male,69,2022,0.015368999999999999,0.015488017671798937,15.369
Male,70,2022,0.015368999999999999,0.015488017671798937,15.369
Male,71,2022,0.017288,0.01743874047264555,17.288
Male,72,2022,0.021425,0.021657000619132456,21.425
Male,73,2022,0.021446,0.02167845810627357,21.446
Male,74,2022,0.024393,0.024694182598057206,24.393
Male,75,2022,0.029563,0.030006541696080614,29.563
Male,76,2022,0.032286999999999996,0.032816777649992655,32.287
Male,77,2022,0.036551,0.037231422868635754,36.551
Male,78,2022,0.039521,0.04031769786873514,39.521
Male,79,2022,0.041825,0.042718347440856924,41.825
Male,80,2022,0.050159999999999996,0.0514503754154187,50.16
Male,81,2022,0.055649000000000004,0.0572417223021975,55.649
Male,82,2022,0.062279,0.06428066785672447,62.279
Male,83,2022,0.07399800000000001,0.07684104170192971,73.998
Male,84,2022,0.08509399999999999,0.08887538082809286,85.094
Male,85,2022,0.095512,0.10030202343096938,95.512
Male,86,2022,0.11358,0.12041857062584155,113.58
Male,87,2022,0.119989,0.12764712546894671,119.989
Male,88,2022,0.142777,0.15375321111142817,142.777
Male,89,2022,0.16224100000000002,0.1765639564273662,162.241
Male,90,2022,0.180338,0.19821043688333326,180.338
Male,91,2022,0.20384200000000002,0.2269755778723253,203.842
Male,92,2022,0.23136199999999998,0.26162730869742706,231.362
Male,93,2022,0.24468399999999998,0.2787919668025586,244.684
Male,94,2022,0.286176,0.33396194708441473,286.176
Male,95,2022,0.28639600000000004,0.33426159135949735,286.396
Male,96,2022,0.309847,0.36664964651129217,309.847
Male,97,2022,0.349166,0.4230176989327818,349.166
Male,98,2022,0.375624,0.46248405541574117,375.624
Male,99,2022,0.352099,0.42733028258372313,352.099
Male,100,2022,0.450323,0.581183046531632,450.323
Male,101,2022,0.348128,0.42149512795180255,348.128
Male,102,2022,0.42117899999999997,0.5335361006725905,421.179
Male,103,2022,0.509499,0.6836613997575312,509.499
Male,104,2022,0.527633,0.7167139714486945,527.633
Male,105,2022,0.550671,0.7598978561803428,550.671
Male,106,2022,1.0,2.0,1000.0
Male,0,2023,0.002284,0.0022866113101161524,2.284
Male,1,2023,0.000247,0.00024703050826777105,0.247
Male,2,2023,0.000104,0.00010400540828123062,0.104
Male,3,2023,0.00010499999999999999,0.00010500551278942144,0.105
Male,4,2023,0.00023799999999999998,0.0002380283253707191,0.238
Male,5,2023,0.000166,0.00016601377914366892,0.166
Male,6,2023,9.6e-05,9.600460822119463e-05,0.096
Male,7,2023,9.4e-05,9.400441820765575e-05,0.094
Male,8,2023,0.000125,0.00012500781298831177,0.125
Male,9,2023,3.1e-05,3.1000480507447865e-05,0.031
Male,10,2023,9.2e-05,9.200423219468096e-05,0.092
Male,11,2023,5.9999999999999995e-05,6.0001800054001615e-05,0.06
Male,12,2023,0.000205,0.00020502101465400203,0.205
Male,13,2023,0.00014399999999999998,0.00014401036874654973,0.144
Male,14,2023,0.000114,0.00011400649837040712,0.114
Male,15,2023,0.000232,0.00023202691512215417,0.232
Male,16,2023,0.000323,0.00032305217292592753,0.323
Male,17,2023,0.000296,0.00029604381448454373,0.296
Male,18,2023,0.000536,0.0005361436865079841,0.536
Male,19,2023,0.00063,0.0006301985125314474,0.63
Male,20,2023,0.000426,0.0004260907573313116,0.426
Male,21,2023,0.000635,0.000635201676532299,0.635
Male,22,2023,0.0005200000000000001,0.000520135235161142,0.52
Male,23,2023,0.000588,0.0005881729228393147,0.588
Male,24,2023,0.000587,0.000587172335080346,0.587
Male,25,2023,0.000633,0.0006332004079291095,0.633
Male,26,2023,0.000587,0.000587172335080346,0.587
Male,27,2023,0.000602,0.000602181256558224,0.602
Male,28,2023,0.000496,0.0004961230385135514,0.496
Male,29,2023,0.0005430000000000001,0.0005431474645366217,0.543
Male,30,2023,0.000683,0.0006832333241802075,0.683
Male,31,2023,0.000867,0.0008673760074992509,0.867
Male,32,2023,0.000857,0.0008573673819231542,0.857
Male,33,2023,0.000662,0.0006622191945533972,0.662
Male,34,2023,0.0006670000000000001,0.0006672225187099899,0.667
Male,35,2023,0.0006580000000000001,0.000658216553246018,0.658
Male,36,2023,0.000902,0.0009024069855504833,0.902
Male,37,2023,0.000803,0.0008033225339974,0.803
Male,38,2023,0.00111,0.0011106163920976142,1.11
Male,39,2023,0.0011459999999999999,0.0011466570344807574,1.146
Male,40,2023,0.001091,0.0010915954653263355,1.091
Male,41,2023,0.0012980000000000001,0.0012988429490739491,1.298
Male,42,2023,0.001333,0.0013338890370431893,1.333
Male,43,2023,0.001224,0.0012247495467225943,1.224
Male,44,2023,0.00124,0.00124076927695171,1.24
Male,45,2023,0.0012079999999999999,0.0012087300729640702,1.208
Male,46,2023,0.001691,0.0016924309503685367,1.691
Male,47,2023,0.001572,0.0015732365639392562,1.572
Male,48,2023,0.0018260000000000001,0.0018276686614879388,1.826
Male,49,2023,0.0016040000000000002,0.001605287440527303,1.604
Male,50,2023,0.00186,0.0018617314102114969,1.86
Male,51,2023,0.0022719999999999997,0.00227458392734146,2.272
Male,52,2023,0.002267,0.0022695725604973235,2.267
Male,53,2023,0.003137,0.0031419281142471968,3.137
Male,54,2023,0.0031309999999999997,0.0031359092659558534,3.131
Male,55,2023,0.003148,0.003152962763389575,3.148
Male,56,2023,0.003277,0.0032823781766424284,3.277
Male,57,2023,0.004042,0.004050185424743406,4.042
Male,58,2023,0.003973,0.00398090807388878,3.973
Male,59,2023,0.005364,0.005378424935677487,5.364
Male,60,2023,0.004732,0.0047432224643506535,4.732
Male,61,2023,0.005716000000000001,0.00573238315104569,5.716
Male,62,2023,0.006583,0.006604739500064462,6.583
Male,63,2023,0.00783,0.007860774933866086,7.83
Male,64,2023,0.0079,0.0079313287485568,7.9
Male,65,2023,0.009776,0.00982401980882554,9.776
Male,66,2023,0.009848,0.009896731505935227,9.848
Male,67,2023,0.011346,0.011410733088812837,11.346
Male,68,2023,0.012145,0.012219201098671684,12.145
Male,69,2023,0.014692,0.014800726134181699,14.692
Male,70,2023,0.013955,0.014053055192606412,13.955
Male,71,2023,0.017408999999999997,0.01756186727368378,17.409
Male,72,2023,0.018533,0.018706342321118646,18.533
Male,73,2023,0.021639,0.021875683962633712,21.639
Male,74,2023,0.023879,0.02416754844465496,23.879
Male,75,2023,0.026961,0.02732941416768751,26.961
Male,76,2023,0.029792000000000003,0.030242492163263985,29.792
Male,77,2023,0.032868,0.033417177901635474,32.868
Male,78,2023,0.037896,0.03862792186346901,37.896
Male,79,2023,0.041477,0.04235538719739314,41.477
Male,80,2023,0.045069000000000005,0.04610802120381743,45.069
Male,81,2023,0.055075000000000006,0.05663457459799222,55.075
Male,82,2023,0.058704,0.060479185039272736,58.704
Male,83,2023,0.063152,0.06521110587924298,63.152
Male,84,2023,0.078357,0.0815520884992686,78.357
Male,85,2023,0.087172,0.09114462983603334,87.172
Male,86,2023,0.09983700000000001,0.1050825639695121,99.837
Male,87,2023,0.110472,0.11693078906478231,110.472
Male,88,2023,0.119865,0.12750680137330564,119.865
Male,89,2023,0.155409,0.16850239429770608,155.409
Male,90,2023,0.16406700000000002,0.17872874445853962,164.067
Male,91,2023,0.17968,0.19741583897336734,179.68
Male,92,2023,0.20660499999999998,0.23040657523858377,206.605
Male,93,2023,0.238383,0.2706411211971728,238.383
Male,94,2023,0.26130000000000003,0.30056939092425383,261.3
Male,95,2023,0.26361700000000005,0.30363923166720713,263.617
Male,96,2023,0.32243299999999997,0.3844055110764577,322.433
Male,97,2023,0.339444,0.40883174069408085,339.444
Male,98,2023,0.332538,0.3988552662669374,332.538
Male,99,2023,0.33708699999999997,0.4054174812512741,337.087
Male,100,2023,0.475422,0.6236768469701124,475.422
Male,101,2023,0.5288010000000001,0.718870798579934,528.801
Male,102,2023,0.368095,0.4511230739534471,368.095
Male,103,2023,0.46554399999999996,0.6067870307131648,465.544
Male,104,2023,0.343644,0.414939783476499,343.644
Male,105,2023,0.393469,0.489836797422521,393.469
Male,106,2023,1.0,2.0,1000.0
Male,0,2024,0.002411,0.002413909968466987,2.411
Male,1,2024,0.000184,0.0001840169295575193,0.184
Male,2,2024,7.000000000000001e-05,7.000245008575301e-05,0.07
Male,3,2024,6.900000000000001e-05,6.90023805821301e-05,0.069
Male,4,2024,3.5000000000000004e-05,3.500061251071894e-05,0.035
Male,5,2024,3.4e-05,3.4000578009826166e-05,0.034
Male,6,2024,3.3e-05,3.30005445089844e-05,0.033
Male,7,2024,6.4e-05,6.40020480655381e-05,0.064
Male,8,2024,3.1e-05,3.1000480507447865e-05,0.031
Male,9,2024,0.0,0.0,0.0
Male,10,2024,6.2e-05,6.200192205958386e-05,0.062
Male,11,2024,2.9999999999999997e-05,3.00004500067501e-05,0.03
Male,12,2024,8.9e-05,8.900396067625009e-05,0.089
Male,13,2024,5.8e-05,5.800168204877941e-05,0.058
Male,14,2024,0.000114,0.00011400649837040712,0.114
Male,15,2024,0.000395,0.0003950780279105123,0.395
Male,16,2024,0.00034300000000000004,0.00034305883459013223,0.343
Male,17,2024,0.000317,0.00031705025246501567,0.317
Male,18,2024,0.000549,0.0005491507418786456,0.549
Male,19,2024,0.000412,0.00041208488948723436,0.412
Male,20,2024,0.000475,0.00047511283929933357,0.475
Male,21,2024,0.00045200000000000004,0.0004521021750915707,0.452
Male,22,2024,0.000448,0.0004481003744838844,0.448
Male,23,2024,0.00057,0.0005701624963114487,0.57
Male,24,2024,0.000496,0.0004961230385135514,0.496
Male,25,2024,0.0006860000000000001,0.0006862353787349062,0.686
Male,26,2024,0.000621,0.0006211928803893609,0.621
Male,27,2024,0.00055,0.0005501512916051915,0.55
Male,28,2024,0.000722,0.0007222607361257414,0.722
Male,29,2024,0.000643,0.0006432067909833011,0.643
Male,30,2024,0.000331,0.0003310547895676735,0.331
Male,31,2024,0.0006490000000000001,0.0006492106688620457,0.649
Male,32,2024,0.000709,0.0007092514296318045,0.709
Male,33,2024,0.000678,0.0006782299199428606,0.678
Male,34,2024,0.000848,0.0008483597045147143,0.848
Male,35,2024,0.0005620000000000001,0.0005621579663885553,0.562
Male,36,2024,0.000751,0.0007512821064309649,0.751
Male,37,2024,0.000816,0.0008163330638900671,0.816
Male,38,2024,0.000795,0.0007953161381649206,0.795
Male,39,2024,0.0013360000000000002,0.0013368930445537622,1.336
Male,40,2024,0.001138,0.0011386478906497796,1.138
Male,41,2024,0.0012150000000000002,0.0012157385611759144,1.215
Male,42,2024,0.001101,0.0011016064343421052,1.101
Male,43,2024,0.001216,0.0012167397777848935,1.216
Male,44,2024,0.001406,0.0014069891133466827,1.406
Male,45,2024,0.001397,0.0013979764865758733,1.397
Male,46,2024,0.001369,0.0013699377223709629,1.369
Male,47,2024,0.001516,0.0015171499996997724,1.516
Male,48,2024,0.0017050000000000001,0.001706454752676657,1.705
Male,49,2024,0.001929,0.0019308623167044615,1.929
Male,50,2024,0.001996,0.001997993998010014,1.996
Male,51,2024,0.002555,0.0025582681876096715,2.555
Male,52,2024,0.00222,0.002222466938301515,2.22
Male,53,2024,0.002731,0.002734734279658874,2.731
Male,54,2024,0.002882,0.0028861589550542334,2.882
Male,55,2024,0.0030310000000000003,0.0030356004524857423,3.031
Male,56,2024,0.00323,0.003235224888194434,3.23
Male,57,2024,0.00411,0.0041184634423740785,4.11
Male,58,2024,0.004647999999999999,0.004658827114213431,4.648
Male,59,2024,0.004706,0.004717099334734631,4.706
Male,60,2024,0.005692999999999999,0.0057092513840647395,5.693
Male,61,2024,0.006472,0.006493011384841347,6.472
Male,62,2024,0.005952,0.005969766023686491,5.952
Male,63,2024,0.006647999999999999,0.0066701716505664825,6.648
Male,64,2024,0.008291999999999999,0.008326521759213699,8.292
Male,65,2024,0.009151,0.009193062859111865,9.151
Male,66,2024,0.010424,0.010478614538977148,10.424
Male,67,2024,0.011585000000000002,0.011652497089390295,11.585
Male,68,2024,0.012211999999999999,0.012287024572036856,12.212
Male,69,2024,0.013949,0.014046970596424764,13.949
Male,70,2024,0.01652,0.016657591707503985,16.52
Male,71,2024,0.017263999999999998,0.017414320413812023,17.264
Male,72,2024,0.018765,0.018942730165780436,18.765
Male,73,2024,0.018486,0.018658460147140014,18.486
Male,74,2024,0.023247,0.023520389244382076,23.247
Male,75,2024,0.025893,0.0262326206228943,25.893
Male,76,2024,0.029468,0.029908674408738352,29.468
Male,77,2024,0.032464,0.032999650324060145,32.464
Male,78,2024,0.035656999999999994,0.0363042503269541,35.657
Male,79,2024,0.039802,0.0406101832569975,39.802
Male,80,2024,0.045484000000000004,0.04654246882604185,45.484
Male,81,2024,0.053432,0.05489867294643701,53.432
Male,82,2024,0.060698999999999996,0.06259884360395833,60.699
Male,83,2024,0.06486700000000001,0.06704138681940726,64.867
Male,84,2024,0.07330400000000001,0.07609295913833838,73.304
Male,85,2024,0.08491,0.08867468369632758,84.91
Male,86,2024,0.09722700000000001,0.10219505952628086,97.227
Male,87,2024,0.111249,0.11780165834458857,111.249
Male,88,2024,0.12292600000000001,0.13097618953754622,122.926
Male,89,2024,0.144334,0.1555603217389336,144.334
Male,90,2024,0.161124,0.17524183251072936,161.124
Male,91,2024,0.189076,0.2088171563246166,189.076
Male,92,2024,0.20169700000000002,0.22431926099216876,201.697
Male,93,2024,0.218912,0.2458182863508148,218.912
Male,94,2024,0.257473,0.2955167983049904,257.473
Male,95,2024,0.263297,0.3032147695950315,263.297
Male,96,2024,0.30987400000000004,0.36668745407147163,309.874
Male,97,2024,0.351193,0.425996493222069,351.193
Male,98,2024,0.333991,0.400947413849505,333.991
Male,99,2024,0.41934,0.5305884883529665,419.34
Male,100,2024,0.303682,0.35804843195674396,303.682
Male,101,2024,0.5206989999999999,0.7039797850471269,520.699
Male,102,2024,0.543198,0.745740327100045,543.198
Male,103,2024,0.36691,0.4493444941797452,366.91
Male,104,2024,0.137697,0.14787819167987165,137.697
Male,105,2024,0.147856,0.15965929215007038,147.856
Male,106,2024,1.0,2.0,1000.0
